Customer_ID,Gender,Referrer,State,PaidFullPremiumBefore,BecameCust,DurationAsCust,Accident/Health_(P)_Duration,Accident/Health_(P)_Amount,Builders_Risk_(P)_Duration,Builders_Risk_(P)_Amount,Dwelling_Fire_Duration,Dwelling_Fire_Amount,Earthquake_(P)_Duration,Earthquake_(P)_Amount,Flood_Duration,Flood_Amount,Homeowners_Duration,Homeowners_Amount,Life_(P)_Duration,Life_(P)_Amount,Motorcycle_Duration,Motorcycle_Amount,Private_Passenger_Auto_Duration,Private_Passenger_Auto_Amount,Umbrella_(P)_Duration,Umbrella_(P)_Amount,Total_Duration,Total_Amount,StillCustomer
786258,M,None,TX,1,1,48,0,0,0,0,0,0,0,0,0,0,48,4924,0,0,0,0,12,6087.15,0,0,60,11011.15,1
786063,M,None,TX,1,1,59,0,0,0,0,0,0,0,0,0,0,48,4803,0,0,0,0,0,0,0,0,48,4803,1
786101,M,None,TX,1,1,51,0,0,0,0,0,0,0,0,0,0,24,2672,0,0,0,0,51,15282,0,0,75,17954,1
786217,M,None,TX,1,1,48,0,0,0,0,0,0,0,0,0,0,47,13806,0,0,0,0,48,40597.26,0,0,95,54403.26,1
786642,F,None,TX,1,1,47,0,0,0,0,0,0,0,0,0,0,47,2115,0,0,0,0,12,888,0,0,59,3003,1
786514,M,None,TX,1,1,36,0,0,0,0,0,0,0,0,0,0,36,2471,0,0,0,0,30,5535.91,0,0,66,8006.91,1
786722,F,None,TX,1,1,48,0,0,0,0,0,0,0,0,0,0,48,7005,0,0,0,0,0,0,0,0,48,7005,1
786546,M,None,TX,1,1,53,0,0,0,0,0,0,0,0,0,0,12,4595.28,0,0,0,0,24,2988.4,0,0,36,7583.68,1
786410,M,None,TX,0,1,24,0,0,0,0,0,0,0,0,0,0,0,0,0,0,0,0,24,11904.62,0,0,24,11904.62,0
786204,M,Sam,TX,1,1,48,0,0,0,0,0,0,0,0,0,0,48,5719.75,0,0,0,0,48,17950.77,0,0,96,23670.52,0
786279,M,None,TX,1,1,48,0,0,0,0,0,0,0,0,0,0,48,2433,0,0,0,0,0,0,0,0,48,2433,1
786130,M,None,TX,1,1,60,0,0,0,0,0,0,0,0,0,0,48,5755,0,0,0,0,60,13023.03,0,0,108,18778.03,1
786299,M,None,TX,1,1,12,0,0,0,0,0,0,0,0,0,0,12,1001,0,0,0,0,0,0,0,0,12,1001,0
786466,F,None,TX,0,1,12,0,0,0,0,0,0,0,0,0,0,0,0,0,0,0,0,6,1119,0,0,6,1119,0
786045,M,None,TX,0,1,24,0,0,0,0,0,0,0,0,0,0,12,948,0,0,0,0,12,2353.17,0,0,24,3301.17,0
786766,M,None,TX,0,1,47,0,0,0,0,0,0,0,0,0,0,44,2090,0,0,0,0,36,4672.32,0,0,80,6762.32,1
786177,M,None,TX,0,1,48,0,0,0,0,0,0,0,0,0,0,48,12169.94,0,0,0,0,48,16984.19,0,0,96,29154.13,0
786327,M,None,TX,0,1,50,0,0,0,0,0,0,0,0,0,0,48,4591,0,0,0,0,48,6565.81,0,0,96,11156.81,1
786414,M,None,TX,1,1,61,0,0,0,0,0,0,0,0,0,0,50,2279.99,0,0,0,0,48,15872.8,0,0,98,18152.79,1
786750,M,None,TX,0,1,40,0,0,0,0,0,0,0,0,0,0,12,1892,0,0,0,0,24,1518,0,0,36,3410,0
786576,M,None,TX,1,1,67,0,0,0,0,12,1455,0,0,0,0,62,6879,0,0,0,0,12,3447,0,0,86,11781,1
786050,M,None,TX,1,1,47,0,0,0,0,0,0,0,0,0,0,0,0,0,0,0,0,47,31670.16,0,0,47,31670.16,1
786038,F,None,TX,0,1,48,0,0,0,0,0,0,0,0,0,0,0,0,0,0,0,0,48,4667.94,0,0,48,4667.94,1
786521,M,None,TX,0,1,48,0,0,0,0,0,0,0,0,0,0,0,0,0,0,0,0,36,4866.3,0,0,36,4866.3,1
786513,M,None,TX,1,1,36,0,0,0,0,0,0,0,0,0,0,36,7474,0,0,0,0,12,1539,0,0,48,9013,0
786000,M,None,TX,1,1,55,0,0,0,0,0,0,0,0,0,0,48,5473,0,0,0,0,55,8233.8,0,0,103,13706.8,1
786414,M,None,TX,1,1,48,0,0,0,0,0,0,0,0,0,0,12,2426,0,0,0,0,48,4715.76,0,0,60,7141.76,1
786615,F,None,TX,0,1,6,0,0,0,0,0,0,0,0,0,0,0,0,0,0,0,0,6,326,0,0,6,326,0
786649,M,None,TX,1,1,60,0,0,0,0,0,0,0,0,0,0,48,21525.27,55,1197.12,0,0,60,37608.53,0,0,163,60330.92,1
786402,M,None,TX,1,1,36,0,0,0,0,0,0,0,0,0,0,36,2099,0,0,0,0,30,6040.23,0,0,66,8139.23,1
786418,M,None,TX,1,1,49,0,0,0,0,0,0,0,0,24,687,49,10531,0,0,0,0,0,0,0,0,73,11218,1
786048,F,None,TX,0,1,12,0,0,0,0,0,0,0,0,0,0,0,0,0,0,0,0,12,3081,0,0,12,3081,0
786061,M,None,TX,0,1,48,0,0,0,0,0,0,0,0,0,0,48,3889,0,0,0,0,48,5720.38,0,0,96,9609.38,1
786420,M,None,TX,1,1,12,0,0,0,0,12,883,0,0,0,0,0,0,0,0,0,0,0,0,0,0,12,883,0
786196,M,None,TX,1,1,61,0,0,0,0,0,0,0,0,0,0,49,5879,0,0,0,0,60,16944.4,0,0,109,22823.4,1
786743,M,None,TX,1,1,50,0,0,0,0,0,0,0,0,0,0,36,2804,0,0,0,0,36,16065.51,0,0,72,18869.51,1
786640,M,None,TX,1,1,65,0,0,0,0,0,0,0,0,0,0,42,6479.33,0,0,0,0,59,10960,0,0,101,17439.33,1
786288,M,None,TX,1,1,12,0,0,0,0,0,0,0,0,0,0,0,0,0,0,0,0,12,1826,0,0,12,1826,0
786380,M,None,TX,1,1,48,0,0,0,0,0,0,0,0,0,0,48,6963.13,0,0,0,0,0,0,0,0,48,6963.13,1
786745,M,None,TX,1,1,62,0,0,0,0,0,0,0,0,0,0,48,3074,0,0,0,0,12,3370.25,0,0,60,6444.25,1
786130,M,None,TX,0,1,36,0,0,0,0,0,0,0,0,0,0,36,5159,0,0,0,0,0,0,0,0,36,5159,0
786039,M,None,TX,0,1,48,0,0,0,0,0,0,0,0,0,0,0,0,0,0,0,0,48,6496.06,0,0,48,6496.06,1
786401,M,None,TX,1,1,57,0,0,0,0,0,0,0,0,0,0,49,5842,0,0,0,0,30,6068.51,0,0,79,11910.51,1
786018,M,None,TX,1,1,62,0,0,0,0,26,3965,0,0,0,0,62,7290.46,0,0,0,0,48,5755.6,0,0,136,17011.06,1
786636,F,None,TX,1,1,31,0,0,0,0,0,0,0,0,0,0,0,0,0,0,0,0,12,1992,0,0,12,1992,0
786479,F,None,TX,1,1,49,0,0,0,0,0,0,0,0,0,0,48,5365,0,0,0,0,47,11641.72,0,0,95,17006.72,1
786146,M,None,TX,1,1,42,0,0,0,0,0,0,0,0,0,0,42,609.06,0,0,0,0,42,6108.7,0,0,84,6717.76,1
786299,M,None,TX,1,1,12,0,0,0,0,0,0,0,0,0,0,12,2656,0,0,0,0,0,0,0,0,12,2656,0
786074,F,None,TX,1,1,48,0,0,0,0,0,0,0,0,0,0,48,510.32,0,0,0,0,0,0,0,0,48,510.32,1
786511,F,None,TX,1,1,55,0,0,0,0,0,0,0,0,0,0,48,4530,0,0,0,0,49,13919.44,0,0,97,18449.44,1
786172,F,None,TX,0,1,12,0,0,0,0,0,0,0,0,0,0,12,2803,0,0,0,0,0,0,0,0,12,2803,1
786201,M,None,TX,1,1,52,0,0,0,0,0,0,0,0,0,0,52,7931.9,0,0,0,0,0,0,0,0,52,7931.9,1
786583,M,None,CA,1,1,32,0,0,0,0,27,986,0,0,0,0,0,0,0,0,0,0,0,0,0,0,27,986,0
786747,F,None,TX,1,1,64,0,0,0,0,0,0,0,0,0,0,51,5638.6,0,0,0,0,54,28388.39,0,0,105,34026.99,1
786223,M,None,TX,1,1,12,0,0,0,0,0,0,0,0,0,0,12,1706,0,0,0,0,0,0,0,0,12,1706,1
786674,M,None,TX,1,1,48,0,0,0,0,40,5173,0,0,0,0,43,6380,0,0,0,0,43,11597.1,0,0,126,23150.1,1
786504,M,None,TX,1,1,48,0,0,0,0,0,0,0,0,0,0,36,3511,0,0,0,0,0,0,0,0,36,3511,1
786403,M,None,TX,0,1,12,0,0,0,0,0,0,0,0,0,0,0,0,0,0,0,0,12,1197,0,0,12,1197,0
786379,M,None,TX,1,1,36,0,0,0,0,36,4760,0,0,0,0,0,0,0,0,0,0,0,0,0,0,36,4760,1
786511,M,None,TX,0,1,48,0,0,0,0,0,0,0,0,0,0,36,4890,0,0,0,0,0,0,0,0,36,4890,1
786267,M,None,TX,0,1,36,0,0,0,0,0,0,0,0,0,0,0,0,0,0,0,0,36,9112.57,0,0,36,9112.57,1
786607,M,None,TX,0,1,24,0,0,0,0,24,4510,0,0,0,0,0,0,0,0,0,0,0,0,0,0,24,4510,0
786076,M,None,TX,1,1,51,0,0,0,0,48,5888,0,0,0,0,48,17782,0,0,12,466,45,15822.05,0,0,153,39958.05,1
786272,M,None,TX,1,1,24,0,0,0,0,0,0,0,0,0,0,12,1631,0,0,0,0,0,0,24,460,36,2091,1
786585,M,None,TX,1,1,36,0,0,0,0,27,10420,0,0,0,0,12,2688,0,0,0,0,0,0,0,0,39,13108,0
786144,M,None,TX,1,1,55,0,0,0,0,0,0,0,0,0,0,12,1113,0,0,0,0,24,4423,0,0,36,5536,1
786274,F,None,TX,1,1,54,0,0,0,0,0,0,0,0,0,0,48,16097,0,0,0,0,48,23075.46,0,0,96,39172.46,1
786347,M,None,TX,1,1,46,0,0,0,0,0,0,0,0,0,0,46,5558,0,0,0,0,0,0,0,0,46,5558,1
786111,M,None,TX,1,1,54,0,0,0,0,0,0,0,0,0,0,48,3812,0,0,0,0,54,8277,0,0,102,12089,1
786560,M,None,TX,1,1,60,0,0,0,0,0,0,0,0,0,0,0,0,0,0,0,0,60,9952.48,0,0,60,9952.48,1
786727,M,None,TX,0,1,24,0,0,0,0,0,0,0,0,0,0,12,1114,0,0,0,0,0,0,0,0,12,1114,0
786290,M,None,TX,0,1,36,0,0,0,0,0,0,0,0,0,0,0,0,0,0,0,0,24,2176,0,0,24,2176,0
786061,M,None,TX,1,1,14,0,0,0,0,0,0,0,0,0,0,12,474.85,0,0,0,0,12,3319.75,0,0,24,3794.6,0
786184,F,None,TX,1,1,48,0,0,0,0,0,0,0,0,0,0,48,4929,0,0,0,0,24,5942,0,0,72,10871,1
786276,M,None,TX,0,1,36,0,0,0,0,0,0,0,0,36,1832,0,0,0,0,0,0,0,0,0,0,36,1832,1
786168,M,None,TX,0,1,60,0,0,0,0,0,0,0,0,0,0,57,910.45,0,0,0,0,54,25156.04,0,0,111,26066.49,1
786242,M,None,TX,0,1,12,0,0,0,0,0,0,0,0,0,0,0,0,0,0,0,0,6,1418.54,0,0,6,1418.54,0
786621,M,None,TX,1,1,36,0,0,0,0,0,0,0,0,0,0,12,1234,0,0,0,0,24,8097,0,0,36,9331,0
786606,M,None,TX,1,1,48,0,0,0,0,0,0,0,0,0,0,48,5614.65,0,0,0,0,0,0,0,0,48,5614.65,1
786564,M,None,TX,0,1,48,0,0,0,0,0,0,0,0,0,0,24,513,0,0,0,0,48,4255,0,0,72,4768,0
786593,M,None,TX,1,1,48,0,0,0,0,12,1881,0,0,0,0,36,2404,0,0,0,0,6,1678.34,0,0,54,5963.34,1
786248,M,None,TX,0,1,28,0,0,0,0,0,0,0,0,0,0,12,209,0,0,0,0,0,0,0,0,12,209,0
786608,F,None,TX,0,1,48,0,0,0,0,0,0,0,0,0,0,36,8566.52,0,0,0,0,24,5659.09,0,0,60,14225.61,1
786214,F,None,TX,0,1,52,0,0,0,0,0,0,0,0,0,0,52,4066,0,0,0,0,48,13368.02,0,0,100,17434.02,1
786706,M,None,TX,0,1,36,0,0,0,0,0,0,0,0,0,0,0,0,0,0,0,0,36,8261.84,0,0,36,8261.84,0
786612,M,None,TX,1,1,59,0,0,0,0,0,0,0,0,0,0,48,12376,0,0,0,0,0,0,0,0,48,12376,1
786112,F,None,TX,1,1,58,0,0,0,0,0,0,0,0,0,0,48,23141.95,0,0,0,0,48,26674,48,1215,144,51030.95,0
786301,M,Sam,TX,1,1,52,0,0,0,0,0,0,0,0,24,1382,36,15053,0,0,0,0,48,11011.96,0,0,108,27446.96,1
786129,M,None,TX,0,1,36,0,0,0,0,0,0,0,0,0,0,36,5128,0,0,0,0,31,5997,0,0,67,11125,0
786100,F,None,TX,0,1,48,0,0,0,0,0,0,0,0,0,0,48,4900,0,0,0,0,48,8935.32,0,0,96,13835.32,1
786735,M,None,TX,1,1,62,0,0,0,0,0,0,0,0,0,0,12,870,0,0,0,0,36,4547,0,0,48,5417,1
786373,M,SC,TX,1,1,55,0,0,0,0,36,1146,0,0,0,0,30,5149.64,0,0,0,0,42,14585.94,0,0,108,20881.58,1
786460,M,None,TX,0,1,24,0,0,0,0,0,0,0,0,0,0,24,2007,0,0,0,0,12,3035,0,0,36,5042,0
786264,M,None,TX,0,1,48,0,0,0,0,0,0,0,0,0,0,48,7518.59,0,0,0,0,48,6466.74,0,0,96,13985.33,1
786190,F,None,TX,0,1,48,0,0,0,0,0,0,0,0,0,0,0,0,0,0,0,0,48,5519.83,0,0,48,5519.83,1
786442,M,None,TX,0,1,60,0,0,0,0,0,0,0,0,0,0,60,9598.25,0,0,0,0,60,6012.65,0,0,120,15610.9,1
786121,F,None,TX,1,1,48,0,0,0,0,0,0,0,0,0,0,48,15717,0,0,0,0,0,0,0,0,48,15717,1
786754,F,None,TX,0,1,12,0,0,0,0,0,0,0,0,0,0,12,2021,0,0,0,0,12,5659,0,0,24,7680,0
786647,M,None,TX,1,1,60,0,0,0,0,0,0,0,0,0,0,59,4624,0,0,0,0,12,2810,0,0,71,7434,1
786176,F,None,TX,1,1,48,0,0,0,0,0,0,0,0,0,0,48,7905.57,0,0,0,0,48,10577.5,0,0,96,18483.07,1
786565,M,None,TX,1,1,54,0,0,0,0,0,0,0,0,0,0,12,948,0,0,0,0,54,6912.22,0,0,66,7860.22,1
786326,M,None,TX,1,1,42,0,0,0,0,0,0,0,0,0,0,36,5446,0,0,0,0,42,11315.09,0,0,78,16761.09,0
786119,M,None,TX,0,1,36,0,0,0,0,0,0,0,0,0,0,36,4644,0,0,0,0,36,10341.49,0,0,72,14985.49,0
786773,M,None,TX,0,1,24,0,0,0,0,0,0,0,0,0,0,24,4557,0,0,0,0,0,0,0,0,24,4557,0
786078,M,None,TX,0,1,36,0,0,0,0,24,1843.6,0,0,0,0,36,12629,0,0,0,0,0,0,0,0,60,14472.6,0
786124,F,Sam,TX,0,1,33,0,0,0,0,0,0,0,0,0,0,12,138,0,0,0,0,0,0,0,0,12,138,0
786699,M,Sam,TX,0,1,60,0,0,0,0,0,0,0,0,0,0,36,4080,0,0,0,0,60,45661.82,0,0,96,49741.82,1
786473,M,None,TX,0,1,48,0,0,0,0,0,0,0,0,0,0,0,0,0,0,0,0,48,3001,0,0,48,3001,1
786013,M,None,TX,1,1,36,0,0,0,0,0,0,0,0,0,0,36,2507,0,0,0,0,12,1277,0,0,48,3784,0
786719,M,None,TX,0,1,24,0,0,0,0,0,0,0,0,0,0,0,0,0,0,0,0,12,726.5,0,0,12,726.5,0
786116,M,None,TX,0,1,48,0,0,0,0,0,0,0,0,0,0,48,7555,0,0,0,0,0,0,0,0,48,7555,1
786367,M,None,TX,1,1,53,0,0,0,0,0,0,0,0,0,0,48,12100,0,0,0,0,12,5149.77,0,0,60,17249.77,1
786133,F,None,TX,0,1,48,0,0,0,0,0,0,0,0,0,0,48,11256,0,0,0,0,48,22381.84,0,0,96,33637.84,1
786483,M,None,TX,1,1,35,0,0,0,0,0,0,0,0,0,0,12,124,0,0,0,0,0,0,0,0,12,124,0
786323,M,None,TX,1,1,48,0,0,0,0,0,0,0,0,0,0,48,991.96,0,0,0,0,0,0,0,0,48,991.96,1
786492,M,None,TX,1,1,58,0,0,0,0,0,0,0,0,0,0,36,4052,0,0,0,0,36,5258.14,0,0,72,9310.14,1
786167,M,None,TX,0,1,60,0,0,0,0,0,0,0,0,0,0,0,0,0,0,0,0,60,5965.08,0,0,60,5965.08,1
786421,F,None,TX,1,1,60,0,0,0,0,0,0,0,0,0,0,0,0,0,0,0,0,60,8521.92,0,0,60,8521.92,1
786376,M,None,TX,1,1,42,0,0,0,0,0,0,0,0,0,0,0,0,0,0,0,0,42,11277.73,0,0,42,11277.73,0
786225,M,None,TX,1,1,48,0,0,0,0,0,0,0,0,0,0,36,4689,0,0,0,0,18,2988,0,0,54,7677,1
786478,M,None,TX,0,1,60,0,0,0,0,0,0,0,0,0,0,48,8281,0,0,0,0,60,15476.6,48,838,156,24595.6,1
786549,F,None,TX,0,1,18,0,0,0,0,0,0,0,0,0,0,0,0,0,0,0,0,18,12558.32,0,0,18,12558.32,0
786629,M,None,TX,1,1,48,0,0,0,0,0,0,0,0,0,0,48,9145,0,0,0,0,0,0,0,0,48,9145,1
786290,M,None,TX,0,1,25,0,0,0,0,0,0,0,0,0,0,12,162,0,0,0,0,12,1398,0,0,24,1560,0
786059,M,None,TX,0,1,36,0,0,0,0,0,0,0,0,0,0,36,5678,0,0,0,0,0,0,0,0,36,5678,0
786585,M,None,TX,0,1,48,0,0,0,0,36,4170,0,0,0,0,12,5063.1,0,0,0,0,42,6601.36,0,0,90,15834.46,1
786239,M,None,TX,1,1,59,0,0,0,0,0,0,0,0,0,0,48,2933,0,0,0,0,12,1418,0,0,60,4351,1
786108,M,None,TX,0,1,48,0,0,0,0,0,0,0,0,0,0,48,2789,0,0,0,0,24,5482.21,0,0,72,8271.21,1
786467,M,None,TX,0,1,31,0,0,0,0,0,0,0,0,0,0,0,0,0,0,0,0,12,3050.6,12,352,24,3402.6,0
786680,F,None,TX,1,1,69,0,0,0,0,12,1785,0,0,0,0,57,7668.55,0,0,0,0,66,10188.67,0,0,135,19642.22,1
786335,M,None,TX,0,1,48,0,0,0,0,0,0,0,0,0,0,0,0,0,0,0,0,48,8888.76,0,0,48,8888.76,1
786367,M,None,TX,0,1,48,0,0,0,0,0,0,0,0,0,0,0,0,0,0,0,0,48,1698.35,0,0,48,1698.35,1
786293,F,None,TX,0,1,48,0,0,0,0,0,0,0,0,0,0,0,0,0,0,0,0,36,10806.84,0,0,36,10806.84,0
786558,M,None,TX,1,1,60,0,0,0,0,0,0,0,0,0,0,60,8777.64,0,0,0,0,12,3359,0,0,72,12136.64,1
786168,M,None,TX,0,1,60,0,0,0,0,0,0,0,0,0,0,60,8931,0,0,0,0,0,0,0,0,60,8931,1
786011,M,None,TX,0,1,48,0,0,0,0,0,0,0,0,0,0,48,4022,0,0,0,0,42,2962.2,0,0,90,6984.2,1
786030,M,None,TX,1,1,12,0,0,0,0,0,0,0,0,0,0,0,0,0,0,0,0,12,779,0,0,12,779,0
786189,F,None,TX,1,1,49,0,0,0,0,24,4831.22,0,0,0,0,49,8727.47,0,0,0,0,0,0,0,0,73,13558.69,1
786469,F,None,TX,1,1,58,0,0,0,0,0,0,0,0,0,0,24,2982.54,0,0,0,0,41,13113.1,0,0,65,16095.64,1
786551,M,None,TX,1,1,48,0,0,0,0,0,0,0,0,0,0,48,6953.27,0,0,0,0,48,17015.44,0,0,96,23968.71,1
786333,F,None,TX,1,1,63,0,0,0,0,0,0,0,0,0,0,48,4127,0,0,0,0,30,9222,0,0,78,13349,1
786132,F,None,TX,1,1,53,0,0,0,0,0,0,0,0,0,0,53,12550.08,0,0,0,0,52,25501.4,0,0,105,38051.48,1
786584,M,None,TX,0,1,12,0,0,0,0,0,0,0,0,0,0,12,873,0,0,0,0,0,0,0,0,12,873,0
786412,M,None,TX,1,1,37,0,0,0,0,0,0,0,0,0,0,27,7599,0,0,0,0,0,0,0,0,27,7599,0
786046,M,None,TX,1,1,52,0,0,0,0,24,2874,0,0,0,0,52,7354.42,44,3295,0,0,36,12954.16,0,0,156,26477.58,1
786399,F,None,TX,1,1,48,0,0,0,0,0,0,12,613.41,0,0,0,0,0,0,0,0,36,18302.11,0,0,48,18915.52,0
786617,M,None,TX,1,1,66,0,0,0,0,0,0,0,0,0,0,66,1058.5,0,0,0,0,54,9938.43,0,0,120,10996.93,1
786434,M,None,TX,0,1,44,0,0,0,0,0,0,0,0,0,0,12,431.52,0,0,0,0,38,4749.38,0,0,50,5180.9,0
786478,M,None,TX,1,1,48,0,0,0,0,0,0,0,0,0,0,48,4323,0,0,0,0,48,6043,0,0,96,10366,1
786654,M,None,TX,1,1,54,0,0,0,0,0,0,0,0,0,0,48,6150,0,0,0,0,54,20406.9,0,0,102,26556.9,1
786672,F,None,TX,1,1,50,0,0,0,0,0,0,0,0,0,0,24,7906.44,0,0,0,0,48,14801.08,0,0,72,22707.52,1
786304,M,None,TX,0,1,36,0,0,0,0,0,0,0,0,0,0,24,317,0,0,0,0,0,0,0,0,24,317,0
786242,M,None,TX,1,1,36,0,0,0,0,0,0,0,0,0,0,36,2946,0,0,0,0,0,0,0,0,36,2946,0
786192,F,None,TX,1,1,48,0,0,0,0,0,0,0,0,0,0,48,11924.1,0,0,0,0,0,0,0,0,48,11924.1,1
786186,M,None,TX,0,1,36,0,0,0,0,0,0,0,0,0,0,24,2664,0,0,0,0,0,0,0,0,24,2664,0
786683,F,None,TX,1,1,53,0,0,0,0,0,0,0,0,0,0,0,0,0,0,0,0,53,16148.46,0,0,53,16148.46,1
786685,M,None,TX,0,1,48,0,0,0,0,0,0,0,0,0,0,0,0,0,0,0,0,48,5855.32,0,0,48,5855.32,1
786420,F,None,TX,1,1,48,0,0,0,0,0,0,0,0,0,0,48,6804,0,0,0,0,24,5811.07,0,0,72,12615.07,1
786524,M,None,TX,1,1,48,0,0,0,0,0,0,0,0,0,0,24,6869,0,0,0,0,48,14512,0,0,72,21381,1
786271,F,None,TX,0,1,32,0,0,0,0,0,0,0,0,0,0,12,2590,0,0,0,0,12,7558.97,0,0,24,10148.97,0
786133,M,None,TX,1,1,36,0,0,0,0,0,0,0,0,0,0,36,3359,0,0,0,0,0,0,0,0,36,3359,0
786617,M,None,TX,1,1,48,0,0,0,0,0,0,0,0,0,0,48,7283,0,0,0,0,0,0,0,0,48,7283,0
786683,M,None,TX,1,1,54,0,0,0,0,0,0,0,0,0,0,49,4629,0,0,0,0,54,15565.36,0,0,103,20194.36,1
786618,M,None,TX,0,1,18,0,0,0,0,0,0,0,0,0,0,0,0,0,0,0,0,12,1731.49,0,0,12,1731.49,0
786188,M,Sam,TX,1,1,48,0,0,0,0,0,0,0,0,0,0,0,0,0,0,0,0,48,7411,0,0,48,7411,1
786094,M,None,TX,1,1,48,0,0,0,0,0,0,0,0,0,0,24,235,0,0,0,0,48,4930.85,0,0,72,5165.85,1
786083,M,None,TX,1,1,60,0,0,0,0,0,0,0,0,0,0,12,170.37,0,0,0,0,48,2428.06,0,0,60,2598.43,1
786651,M,None,TX,0,1,48,0,0,0,0,0,0,0,0,0,0,48,419,0,0,0,0,0,0,0,0,48,419,1
786576,M,None,TX,0,1,24,0,0,0,0,0,0,0,0,0,0,12,1614,0,0,0,0,0,0,0,0,12,1614,0
786009,M,None,TX,0,1,27,0,0,0,0,0,0,0,0,0,0,12,1529,0,0,0,0,12,2065,0,0,24,3594,0
786095,M,None,TX,1,1,48,0,0,0,0,0,0,0,0,0,0,48,4901,0,0,0,0,30,9140.94,0,0,78,14041.94,1
786458,F,None,TX,0,1,36,0,0,0,0,0,0,0,0,0,0,0,0,0,0,0,0,36,6764.99,0,0,36,6764.99,1
786479,M,None,TX,1,1,25,0,0,0,0,0,0,0,0,0,0,0,0,0,0,0,0,13,5709.6,0,0,13,5709.6,0
786049,M,None,TX,0,1,36,0,0,0,0,36,3402,0,0,0,0,0,0,0,0,0,0,0,0,0,0,36,3402,0
786573,F,None,TX,0,1,48,0,0,0,0,0,0,0,0,0,0,48,5777.5,0,0,0,0,48,13736.02,0,0,96,19513.52,1
786365,F,None,TX,0,1,36,0,0,0,0,0,0,0,0,0,0,0,0,0,0,0,0,24,1928,0,0,24,1928,0
786020,M,None,TX,0,1,14,0,0,0,0,12,2013.22,0,0,0,0,0,0,0,0,0,0,0,0,0,0,12,2013.22,0
786107,F,None,TX,0,1,36,0,0,0,0,0,0,0,0,0,0,0,0,0,0,0,0,36,2171.05,0,0,36,2171.05,0
786533,M,None,TX,1,1,36,0,0,0,0,0,0,0,0,0,0,24,1177,0,0,0,0,0,0,0,0,24,1177,0
786525,F,None,TX,0,1,48,0,0,0,0,0,0,0,0,0,0,0,0,0,0,0,0,48,7017.56,0,0,48,7017.56,1
786329,F,None,TX,0,1,24,0,0,0,0,0,0,0,0,0,0,12,159,0,0,0,0,0,0,0,0,12,159,0
786335,M,None,TX,0,1,30,0,0,0,0,0,0,0,0,0,0,0,0,0,0,0,0,24,4460.55,0,0,24,4460.55,0
786096,M,None,TX,1,1,29,0,0,0,0,24,2354,0,0,0,0,27,7299,0,0,0,0,6,936,0,0,57,10589,0
786067,F,None,TX,1,1,48,0,0,0,0,0,0,0,0,0,0,48,9794,0,0,0,0,30,7644.71,0,0,78,17438.71,1
786456,M,None,TX,0,1,24,0,0,0,0,0,0,0,0,0,0,24,1683,0,0,0,0,0,0,0,0,24,1683,0
786700,M,None,TX,1,1,48,0,0,0,0,24,5488,0,0,0,0,46,3594.09,0,0,0,0,36,8726.47,0,0,106,17808.56,1
786368,M,None,TX,1,1,24,0,0,0,0,0,0,0,0,0,0,12,822,0,0,0,0,0,0,0,0,12,822,0
786036,M,None,TX,0,1,24,0,0,0,0,0,0,0,0,0,0,0,0,0,0,0,0,12,2187.33,0,0,12,2187.33,0
786296,F,None,TX,0,1,48,0,0,0,0,0,0,0,0,0,0,48,5200.06,0,0,0,0,42,7412.55,0,0,90,12612.61,1
786707,M,None,TX,0,1,50,0,0,0,0,0,0,0,0,0,0,38,464,0,0,0,0,48,24059.45,0,0,86,24523.45,1
786329,M,None,TX,1,1,48,0,0,0,0,0,0,0,0,0,0,48,6525,0,0,0,0,47,5701.92,0,0,95,12226.92,1
786584,M,None,TX,1,1,44,0,0,0,0,0,0,0,0,0,0,36,494.06,0,0,0,0,30,8118.51,0,0,66,8612.57,0
786160,M,None,TX,0,1,24,0,0,0,0,0,0,0,0,0,0,24,2652,0,0,0,0,24,3163.72,0,0,48,5815.72,0
786610,M,SC,TX,1,1,35,0,0,0,0,0,0,0,0,0,0,12,985,0,0,0,0,27,4913,0,0,39,5898,0
786438,F,None,TX,1,1,48,0,0,0,0,0,0,0,0,0,0,12,1167,0,0,0,0,6,317,0,0,18,1484,1
786011,F,None,TX,0,1,48,0,0,0,0,0,0,0,0,0,0,0,0,0,0,0,0,48,27875.95,0,0,48,27875.95,1
786278,M,None,TX,0,1,24,0,0,0,0,0,0,0,0,0,0,0,0,0,0,0,0,24,9159.27,0,0,24,9159.27,0
786361,M,None,TX,1,1,60,0,0,0,0,0,0,0,0,0,0,48,2081,0,0,0,0,60,5717,0,0,108,7798,1
786045,M,None,TX,0,1,60,0,0,0,0,0,0,0,0,0,0,24,2297,0,0,0,0,60,10692.59,0,0,84,12989.59,1
786338,M,None,NJ,0,1,48,0,0,0,0,0,0,0,0,0,0,0,0,0,0,0,0,48,3631.62,0,0,48,3631.62,1
786151,M,None,TX,1,1,48,0,0,0,0,0,0,0,0,0,0,48,330,0,0,0,0,0,0,0,0,48,330,1
786680,M,None,TX,0,1,12,0,0,0,0,0,0,0,0,0,0,12,1669,0,0,0,0,0,0,0,0,12,1669,0
786412,F,None,TX,0,1,24,0,0,0,0,0,0,0,0,0,0,12,1974,0,0,0,0,12,2105,0,0,24,4079,0
786356,F,None,TX,0,1,48,0,0,0,0,36,3695,0,0,0,0,0,0,0,0,0,0,0,0,0,0,36,3695,1
786138,F,None,TX,1,1,43,0,0,0,0,0,0,0,0,0,0,12,1539,0,0,0,0,0,0,0,0,12,1539,1
786409,F,None,TX,0,1,36,0,0,0,0,0,0,0,0,0,0,36,756,0,0,0,0,0,0,0,0,36,756,0
786517,F,None,TX,1,1,65,0,0,0,0,0,0,0,0,0,0,48,11466.42,0,0,0,0,65,15773.64,0,0,113,27240.06,1
786025,M,None,TX,1,1,55,0,0,0,0,0,0,0,0,0,0,36,5361.7,0,0,0,0,41,8703.41,0,0,77,14065.11,1
786272,M,None,TX,1,1,60,0,0,0,0,0,0,0,0,0,0,48,3944,0,0,0,0,60,3896.68,0,0,108,7840.68,1
786688,F,None,TX,1,1,30,0,0,0,0,0,0,0,0,0,0,0,0,0,0,0,0,30,3666,0,0,30,3666,0
786244,M,None,TX,0,1,36,0,0,0,0,0,0,0,0,0,0,24,248,0,0,0,0,24,2618.06,0,0,48,2866.06,0
786590,M,None,TX,1,1,57,0,0,0,0,0,0,0,0,0,0,12,1137,0,0,0,0,6,681.56,0,0,18,1818.56,1
786398,M,None,TN,1,1,49,0,0,0,0,0,0,0,0,0,0,49,7740.87,0,0,0,0,0,0,0,0,49,7740.87,1
786775,F,None,TX,0,1,24,0,0,0,0,0,0,0,0,0,0,12,150,0,0,0,0,12,2382,0,0,24,2532,0
786620,M,None,TX,1,1,55,0,0,0,0,0,0,0,0,0,0,48,7874,0,0,0,0,48,10197,0,0,96,18071,1
786433,F,None,TX,0,1,48,0,0,0,0,0,0,0,0,0,0,12,2046,0,0,0,0,36,5706.41,0,0,48,7752.41,0
786675,M,None,TX,1,1,12,0,0,0,0,0,0,0,0,0,0,12,211.99,0,0,0,0,12,3145,0,0,24,3356.99,1
786256,M,None,TX,0,1,30,0,0,0,0,0,0,0,0,0,0,24,4405,0,0,0,0,30,2875.07,0,0,54,7280.07,0
786485,M,None,TX,1,1,62,0,0,0,0,0,0,0,0,0,0,24,3258,0,0,0,0,62,8322,0,0,86,11580,1
786026,M,None,TX,0,1,48,0,0,0,0,0,0,0,0,0,0,48,150,0,0,0,0,0,0,0,0,48,150,1
786697,F,None,TX,1,1,54,0,0,0,0,0,0,0,0,0,0,50,5613,0,0,0,0,48,14387.56,0,0,98,20000.56,1
786669,F,None,TX,0,1,30,0,0,0,0,0,0,0,0,0,0,0,0,0,0,0,0,24,2135.43,0,0,24,2135.43,0
786094,M,None,TX,0,1,36,0,0,0,0,0,0,0,0,0,0,24,2808,0,0,0,0,0,0,0,0,24,2808,0
786080,F,None,TX,0,1,24,0,0,0,0,0,0,0,0,0,0,12,154,0,0,0,0,0,0,0,0,12,154,0
786129,M,None,TX,1,1,18,0,0,0,0,0,0,0,0,0,0,0,0,0,0,0,0,18,1532.56,0,0,18,1532.56,0
786331,F,None,TX,1,1,12,0,0,0,0,0,0,0,0,0,0,0,0,0,0,0,0,12,2146.06,0,0,12,2146.06,0
786058,M,None,TX,1,1,55,0,0,0,0,0,0,0,0,0,0,48,3243,0,0,0,0,54,12402.1,0,0,102,15645.1,1
786425,M,None,TX,0,1,36,0,0,0,0,0,0,0,0,0,0,0,0,0,0,0,0,36,4078,0,0,36,4078,0
786611,M,None,TX,1,1,61,0,0,0,0,30,4928,0,0,0,0,12,966,0,0,0,0,24,9475.2,0,0,66,15369.2,1
786179,M,None,TX,0,1,29,0,0,0,0,0,0,0,0,0,0,0,0,0,0,0,0,24,2926,0,0,24,2926,0
786165,M,None,TX,0,1,54,0,0,0,0,0,0,0,0,0,0,24,1989,0,0,0,0,42,29641.13,0,0,66,31630.13,1
786660,F,None,TX,1,1,58,0,0,0,0,24,3862,0,0,0,0,46,7514.56,0,0,0,0,36,16557.42,0,0,106,27933.98,1
786523,M,None,TX,1,1,48,0,0,0,0,0,0,0,0,0,0,24,3557.86,0,0,0,0,48,5669.08,0,0,72,9226.94,1
786219,M,None,TX,0,1,36,0,0,0,0,0,0,0,0,0,0,24,3616.75,0,0,0,0,6,1193,0,0,30,4809.75,0
786683,M,None,TX,1,1,52,0,0,0,0,0,0,0,0,0,0,26,265,0,0,0,0,12,1814,0,0,38,2079,1
786735,M,None,TX,0,1,60,0,0,0,0,0,0,0,0,0,0,60,3290,0,0,0,0,0,0,0,0,60,3290,1
786446,M,None,TX,0,1,42,0,0,0,0,0,0,0,0,0,0,0,0,0,0,0,0,42,13517.8,0,0,42,13517.8,1
786372,M,None,TX,1,1,56,0,0,0,0,0,0,0,0,0,0,48,3895.14,0,0,0,0,33,7589.71,0,0,81,11484.85,1
786491,M,None,TX,0,1,12,0,0,0,0,0,0,0,0,0,0,0,0,0,0,0,0,12,2316.03,0,0,12,2316.03,0
786433,F,None,TX,1,1,6,0,0,0,0,0,0,0,0,0,0,0,0,0,0,0,0,6,1578,0,0,6,1578,0
786760,M,None,TX,0,1,60,0,0,0,0,0,0,0,0,0,0,0,0,0,0,0,0,48,12900,0,0,48,12900,0
786692,M,None,TX,1,1,40,0,0,0,0,0,0,0,0,0,0,36,4648,0,0,0,0,18,7808.5,0,0,54,12456.5,1
786559,M,None,TX,1,1,50,0,0,0,0,0,0,0,0,0,0,37,661.74,0,0,0,0,36,13912.14,0,0,73,14573.88,0
786736,F,None,TX,0,1,24,0,0,0,0,0,0,0,0,0,0,12,896,0,0,0,0,0,0,0,0,12,896,0
786545,M,None,TX,1,1,12,0,0,0,0,0,0,0,0,0,0,12,120,0,0,0,0,0,0,0,0,12,120,0
786759,F,None,TX,1,1,60,0,0,0,0,0,0,0,0,0,0,48,5333,0,0,0,0,60,22279.95,0,0,108,27612.95,1
786245,M,None,TX,0,1,18,0,0,0,0,12,4290,0,0,0,0,0,0,0,0,0,0,0,0,0,0,12,4290,0
786553,M,None,TX,1,1,54,0,0,0,0,50,10893,0,0,0,0,0,0,0,0,0,0,39,282,0,0,89,11175,1
786563,M,None,TX,0,1,43,0,0,0,0,0,0,0,0,0,0,0,0,0,0,0,0,36,4909.42,0,0,36,4909.42,1
786298,M,None,TX,1,1,54,0,0,0,0,12,1992,0,0,0,0,24,4031,0,0,0,0,36,10865.52,0,0,72,16888.52,1
786141,F,None,TX,1,1,60,0,0,0,0,0,0,0,0,0,0,36,5901,0,0,0,0,60,33173.21,0,0,96,39074.21,1
786106,M,None,TX,0,1,24,0,0,0,0,0,0,0,0,0,0,12,1031,0,0,0,0,0,0,0,0,12,1031,0
786388,M,None,TX,0,1,12,0,0,0,0,0,0,0,0,0,0,12,1240,0,0,0,0,12,1771.62,0,0,24,3011.62,0
786738,M,None,TX,0,1,48,0,0,0,0,0,0,0,0,0,0,24,250,0,0,0,0,36,5527,0,0,60,5777,0
786170,F,None,TX,0,1,48,0,0,0,0,0,0,0,0,0,0,36,2665,0,0,0,0,0,0,0,0,36,2665,0
786540,M,None,TX,1,1,48,0,0,0,0,0,0,0,0,0,0,0,0,0,0,0,0,48,4110.51,0,0,48,4110.51,1
786273,M,None,TX,0,1,36,0,0,0,0,0,0,0,0,0,0,0,0,0,0,0,0,36,5554.25,0,0,36,5554.25,0
786554,M,None,TX,1,1,48,0,0,0,0,0,0,0,0,0,0,12,1049,0,0,0,0,36,5245.97,0,0,48,6294.97,1
786204,M,None,TX,0,1,48,0,0,0,0,0,0,0,0,0,0,0,0,0,0,0,0,48,1748,0,0,48,1748,1
786165,F,None,TX,0,1,28,0,0,0,0,0,0,0,0,0,0,12,150,0,0,0,0,0,0,0,0,12,150,0
786241,F,None,TX,1,1,22,0,0,0,0,0,0,0,0,0,0,0,0,0,0,0,0,6,492.27,0,0,6,492.27,0
786027,F,None,TX,0,1,36,0,0,0,0,0,0,0,0,0,0,12,130,0,0,0,0,0,0,0,0,12,130,0
786656,F,None,TX,1,1,48,0,0,0,0,0,0,0,0,0,0,48,5309,0,0,0,0,0,0,0,0,48,5309,1
786765,M,None,TX,1,1,24,0,0,0,0,0,0,0,0,0,0,12,1920,0,0,0,0,6,2817.25,0,0,18,4737.25,0
786113,M,None,TX,0,1,48,0,0,0,0,0,0,0,0,0,0,48,4522,0,0,0,0,36,2394.3,0,0,84,6916.3,1
786047,M,None,NM,0,1,36,0,0,0,0,24,1580,0,0,0,0,0,0,0,0,0,0,0,0,0,0,24,1580,0
786523,M,None,OK,1,1,26,0,0,0,0,0,0,0,0,0,0,24,8098.4,0,0,0,0,0,0,0,0,24,8098.4,0
786170,M,None,TX,0,1,24,0,0,0,0,0,0,0,0,0,0,12,113,0,0,0,0,0,0,0,0,12,113,0
786603,M,None,CA,0,1,24,0,0,0,0,0,0,0,0,0,0,0,0,0,0,0,0,24,4049.52,0,0,24,4049.52,0
786615,M,None,TX,1,1,45,0,0,0,0,0,0,0,0,0,0,12,171.38,0,0,0,0,42,7577.03,0,0,54,7748.41,1
786364,F,None,TX,0,1,12,0,0,0,0,0,0,0,0,0,0,0,0,0,0,0,0,12,2078,0,0,12,2078,0
786440,M,None,TX,0,1,54,0,0,0,0,0,0,0,0,0,0,36,1059.14,0,0,0,0,36,12522.35,0,0,72,13581.49,1
786109,F,None,TX,1,1,50,0,0,0,0,0,0,0,0,0,0,12,1005,0,0,0,0,48,24799,0,0,60,25804,1
786711,M,None,TX,0,1,24,0,0,0,0,0,0,0,0,0,0,0,0,0,0,0,0,24,2048.25,0,0,24,2048.25,0
786139,M,None,TX,0,1,24,0,0,0,0,0,0,0,0,0,0,0,0,0,0,0,0,12,949.58,0,0,12,949.58,0
786637,M,None,TX,0,1,48,0,0,0,0,0,0,0,0,0,0,48,10510,0,0,0,0,0,0,0,0,48,10510,1
786505,M,None,TX,0,1,24,0,0,0,0,0,0,0,0,0,0,24,3652,0,0,0,0,0,0,0,0,24,3652,0
786301,F,None,TX,0,1,30,0,0,0,0,0,0,0,0,0,0,0,0,0,0,0,0,30,8860.77,0,0,30,8860.77,0
786689,M,None,TX,1,1,12,0,0,0,0,0,0,0,0,0,0,12,153,0,0,0,0,0,0,0,0,12,153,0
786256,F,None,TX,0,1,12,0,0,0,0,0,0,0,0,0,0,0,0,0,0,0,0,12,3237,0,0,12,3237,0
786101,F,None,TX,0,1,36,0,0,0,0,0,0,0,0,0,0,36,4260,0,0,0,0,24,5202,0,0,60,9462,0
786120,M,None,TX,0,1,36,0,0,0,0,0,0,0,0,0,0,24,250,0,0,0,0,12,596,0,0,36,846,0
786233,F,None,TX,0,1,12,0,0,0,0,0,0,0,0,0,0,0,0,0,0,0,0,6,695,0,0,6,695,0
786594,M,None,TX,1,1,60,0,0,0,0,0,0,0,0,0,0,0,0,0,0,0,0,60,23361.84,0,0,60,23361.84,1
786107,M,None,TX,0,1,12,0,0,0,0,0,0,0,0,0,0,0,0,0,0,0,0,12,2402,0,0,12,2402,0
786111,M,None,TX,1,1,42,0,0,0,0,0,0,0,0,0,0,24,2365,39,64.56,0,0,0,0,0,0,63,2429.56,0
786046,M,None,TX,0,1,53,0,0,0,0,0,0,0,0,0,0,36,4183,0,0,0,0,48,3703.86,0,0,84,7886.86,1
786550,M,None,TX,0,1,36,0,0,0,0,0,0,0,0,0,0,36,6551,0,0,0,0,0,0,0,0,36,6551,0
786685,M,None,TX,1,1,12,0,0,0,0,0,0,0,0,0,0,0,0,0,0,0,0,12,1151,0,0,12,1151,0
786020,F,None,TX,1,1,49,0,0,0,0,0,0,0,0,0,0,37,409,0,0,0,0,0,0,0,0,37,409,1
786316,F,None,TX,0,1,24,0,0,0,0,0,0,0,0,0,0,12,125,0,0,0,0,0,0,0,0,12,125,0
786355,M,None,TX,0,1,24,0,0,0,0,0,0,0,0,0,0,0,0,0,0,0,0,24,2609,0,0,24,2609,1
786167,M,None,TX,1,1,49,0,0,0,0,0,0,0,0,0,0,41,8233.32,0,0,0,0,48,13176.14,0,0,89,21409.46,1
786311,M,Al,FL,0,1,12,0,0,0,0,0,0,0,0,0,0,0,0,0,0,0,0,12,2243,0,0,12,2243,0
786757,F,None,TX,0,1,12,0,0,0,0,0,0,0,0,0,0,0,0,0,0,0,0,12,425,0,0,12,425,0
786659,F,None,TX,0,1,48,0,0,0,0,0,0,0,0,0,0,48,1646,0,0,0,0,0,0,0,0,48,1646,1
786140,M,None,TX,1,1,43,26,90.32,0,0,0,0,0,0,0,0,12,224.14,0,0,0,0,42,11087.7,0,0,80,11402.16,0
786138,M,None,TX,0,1,6,0,0,0,0,0,0,0,0,0,0,0,0,0,0,0,0,6,509,0,0,6,509,0
786178,F,None,TX,1,1,48,0,0,0,0,0,0,0,0,0,0,48,5178.15,0,0,0,0,0,0,0,0,48,5178.15,1
786515,F,None,TX,1,1,57,0,0,0,0,0,0,0,0,0,0,12,829,57,75.87,0,0,12,1376,0,0,81,2280.87,1
786411,F,None,TX,1,1,12,0,0,0,0,0,0,0,0,0,0,12,134,0,0,0,0,0,0,0,0,12,134,0
786282,F,None,TX,0,1,42,0,0,0,0,0,0,0,0,0,0,0,0,0,0,0,0,30,27567.2,0,0,30,27567.2,0
786039,M,None,TX,1,1,45,0,0,0,0,0,0,0,0,0,0,0,0,0,0,0,0,36,4434.97,0,0,36,4434.97,0
786367,M,None,TX,1,1,6,0,0,0,0,0,0,0,0,0,0,0,0,0,0,0,0,6,946,0,0,6,946,0
786152,F,None,TX,0,1,37,0,0,0,0,0,0,0,0,0,0,12,160,0,0,0,0,25,3020.94,0,0,37,3180.94,0
786407,F,None,TX,1,1,60,0,0,0,0,0,0,0,0,0,0,36,7902.11,0,0,0,0,60,4483.39,0,0,96,12385.5,1
786754,M,None,TX,0,1,18,0,0,0,0,0,0,0,0,0,0,0,0,0,0,0,0,12,1818.89,0,0,12,1818.89,0
786088,F,None,TX,1,1,12,0,0,0,0,0,0,0,0,0,0,12,308,0,0,0,0,0,0,0,0,12,308,0
786457,M,None,TX,0,1,18,0,0,0,0,0,0,0,0,0,0,0,0,0,0,0,0,12,2058.99,0,0,12,2058.99,0
786529,F,None,TX,0,1,39,0,0,0,0,0,0,0,0,0,0,0,0,0,0,0,0,39,5108.49,0,0,39,5108.49,0
786306,M,None,TX,0,1,24,0,0,0,0,0,0,0,0,0,0,0,0,0,0,0,0,12,2031.9,0,0,12,2031.9,0
786227,M,None,TX,0,1,48,0,0,0,0,0,0,0,0,0,0,0,0,0,0,0,0,48,11439,0,0,48,11439,1
786751,M,None,TX,0,1,36,0,0,0,0,0,0,0,0,0,0,24,9968,0,0,0,0,0,0,0,0,24,9968,0
786385,M,None,TX,0,1,54,0,0,0,0,0,0,0,0,0,0,0,0,0,0,0,0,54,8263.81,0,0,54,8263.81,1
786304,M,None,TX,0,1,12,0,0,0,0,0,0,0,0,0,0,0,0,0,0,0,0,6,1211,0,0,6,1211,0
786092,F,None,TX,0,1,18,0,0,0,0,0,0,0,0,0,0,0,0,0,0,0,0,12,1318,0,0,12,1318,0
786455,M,None,TX,0,1,36,0,0,0,0,0,0,0,0,0,0,36,522,0,0,0,0,0,0,0,0,36,522,0
786604,M,None,TX,0,1,30,0,0,0,0,0,0,0,0,0,0,24,126,0,0,0,0,0,0,0,0,24,126,0
786105,F,None,TX,0,1,36,0,0,0,0,0,0,0,0,0,0,0,0,0,0,0,0,36,14351.74,0,0,36,14351.74,0
786277,M,None,TX,1,1,6,0,0,0,0,0,0,0,0,0,0,0,0,0,0,0,0,6,481,0,0,6,481,0
786735,F,None,TX,1,1,51,0,0,0,0,0,0,0,0,0,0,48,5156,0,0,0,0,12,4051.19,0,0,60,9207.19,1
786341,M,None,TX,0,1,48,0,0,0,0,0,0,0,0,0,0,0,0,0,0,0,0,48,10492.74,0,0,48,10492.74,1
786299,F,None,TX,1,1,48,0,0,0,0,0,0,0,0,0,0,48,656.23,0,0,0,0,48,8561.34,0,0,96,9217.57,0
786289,F,None,TX,1,1,5,0,0,0,0,0,0,0,0,0,0,0,0,0,0,0,0,5,449,0,0,5,449,0
786006,M,Sam,TX,0,1,54,0,0,0,0,0,0,0,0,0,0,0,0,0,0,0,0,54,19912.14,0,0,54,19912.14,1
786011,M,None,TX,0,1,12,0,0,0,0,0,0,0,0,0,0,0,0,0,0,0,0,6,494.12,0,0,6,494.12,0
786740,F,None,TX,1,1,51,0,0,0,0,0,0,0,0,0,0,51,4883,0,0,0,0,0,0,0,0,51,4883,1
786261,F,None,TX,0,1,57,0,0,0,0,0,0,0,0,0,0,48,500,0,0,0,0,0,0,0,0,48,500,1
786471,F,Sam,TX,0,1,48,0,0,0,0,0,0,0,0,0,0,48,4982.33,0,0,0,0,48,11230,0,0,96,16212.33,1
786325,F,None,TX,1,1,50,0,0,0,0,0,0,0,0,0,0,36,4020,0,0,0,0,48,10780.88,0,0,84,14800.88,1
786188,M,None,TX,0,1,56,0,0,0,0,56,11520,0,0,0,0,12,1226,0,0,0,0,0,0,0,0,68,12746,1
786703,M,Sam,TX,1,1,48,0,0,0,0,0,0,0,0,0,0,48,495.03,0,0,0,0,0,0,0,0,48,495.03,1
786590,M,None,TX,0,1,24,0,0,0,0,0,0,0,0,0,0,12,129,0,0,0,0,0,0,0,0,12,129,0
786505,M,None,TX,1,1,6,0,0,0,0,0,0,0,0,0,0,0,0,0,0,0,0,6,551,0,0,6,551,0
786231,M,None,TX,0,1,12,0,0,0,0,0,0,0,0,0,0,0,0,0,0,0,0,12,1154,0,0,12,1154,0
786209,F,None,TX,1,1,48,0,0,0,0,0,0,0,0,0,0,0,0,0,0,0,0,48,3105,0,0,48,3105,1
786299,M,None,TX,0,1,36,0,0,0,0,0,0,0,0,0,0,36,3924,0,0,0,0,0,0,0,0,36,3924,1
786446,M,None,TX,0,1,12,0,0,0,0,0,0,0,0,0,0,12,127,0,0,0,0,0,0,0,0,12,127,0
786664,M,None,TX,0,1,24,0,0,0,0,0,0,0,0,0,0,12,155.33,0,0,0,0,12,1458.22,0,0,24,1613.55,0
786353,F,None,TX,1,1,51,0,0,0,0,0,0,0,0,0,0,0,0,0,0,0,0,36,5764.65,0,0,36,5764.65,1
786697,M,None,TX,1,1,48,0,0,0,0,0,0,0,0,0,0,48,535.46,0,0,0,0,0,0,0,0,48,535.46,1
786344,M,None,CA,1,1,54,0,0,0,0,54,16169.84,0,0,0,0,0,0,0,0,0,0,0,0,0,0,54,16169.84,1
786554,F,None,TX,1,1,48,0,0,0,0,0,0,0,0,0,0,48,7018,0,0,0,0,0,0,0,0,48,7018,1
786294,M,None,TX,1,1,53,0,0,0,0,38,18478.92,0,0,12,574,12,3447.15,0,0,0,0,0,0,0,0,62,22500.07,1
786074,F,None,TX,1,1,51,0,0,0,0,0,0,0,0,0,0,24,283,0,0,0,0,12,3203,0,0,36,3486,1
786753,M,None,TX,1,1,53,0,0,0,0,0,0,0,0,0,0,48,3999,0,0,0,0,0,0,0,0,48,3999,1
786099,M,None,TX,0,1,36,0,0,0,0,0,0,0,0,0,0,36,5177,0,0,0,0,0,0,0,0,36,5177,0
786464,M,None,TX,1,1,48,0,0,0,0,48,8467,0,0,0,0,12,1190.7,0,0,0,0,0,0,0,0,60,9657.7,1
786444,F,None,TX,1,1,24,0,0,0,0,0,0,0,0,0,0,24,2757,0,0,0,0,0,0,0,0,24,2757,0
786343,M,None,TX,0,1,18,0,0,0,0,0,0,0,0,0,0,0,0,0,0,0,0,18,1501,0,0,18,1501,0
786114,F,None,TX,0,1,48,0,0,0,0,0,0,0,0,0,0,48,683.95,0,0,0,0,24,2070,0,0,72,2753.95,1
786697,F,None,TX,1,1,53,0,0,0,0,0,0,0,0,0,0,36,513.41,53,457.08,0,0,36,3734.5,0,0,125,4704.99,1
786376,M,None,TX,0,1,24,0,0,0,0,0,0,0,0,0,0,12,127,0,0,0,0,0,0,0,0,12,127,0
786155,F,None,TX,0,1,48,0,0,0,0,0,0,0,0,48,1585,0,0,0,0,0,0,0,0,0,0,48,1585,1
786220,F,None,TX,0,1,24,0,0,0,0,0,0,0,0,0,0,0,0,0,0,0,0,12,1875.1,0,0,12,1875.1,0
786327,M,None,TX,0,1,48,0,0,0,0,0,0,0,0,0,0,48,10016,0,0,0,0,0,0,0,0,48,10016,1
786362,M,None,TX,0,1,24,0,0,0,0,0,0,0,0,0,0,0,0,0,0,0,0,18,1525.98,0,0,18,1525.98,0
786065,M,None,TX,0,1,48,0,0,0,0,0,0,0,0,0,0,12,150,0,0,0,0,48,3752,0,0,60,3902,1
786128,M,None,TX,0,1,48,0,0,0,0,0,0,0,0,0,0,48,4183,0,0,0,0,0,0,0,0,48,4183,1
786140,F,None,TX,1,1,53,0,0,0,0,0,0,0,0,0,0,48,8626.01,0,0,0,0,53,10890.53,0,0,101,19516.54,1
786224,M,None,TX,1,1,6,0,0,0,0,0,0,0,0,0,0,0,0,0,0,0,0,6,746,0,0,6,746,0
786358,F,None,TX,1,1,48,0,0,0,0,0,0,0,0,0,0,48,6345,0,0,0,0,0,0,0,0,48,6345,1
786125,F,None,TX,1,1,42,0,0,0,0,0,0,0,0,0,0,12,3919.37,0,0,0,0,30,7773.87,0,0,42,11693.24,0
786772,F,None,TX,1,1,24,0,0,0,0,0,0,0,0,0,0,24,4716,0,0,0,0,0,0,0,0,24,4716,0
786521,F,None,TX,0,1,48,0,0,0,0,0,0,0,0,0,0,48,4731,0,0,0,0,12,3004.08,0,0,60,7735.08,1
786118,M,None,TX,1,1,48,0,0,0,0,0,0,0,0,0,0,48,4974,0,0,0,0,24,5111,0,0,72,10085,1
786238,F,None,TX,1,1,36,0,0,0,0,0,0,0,0,0,0,36,5024,0,0,0,0,0,0,0,0,36,5024,0
786777,M,None,TX,0,1,24,0,0,0,0,0,0,0,0,0,0,12,1945,0,0,0,0,12,7322.59,0,0,24,9267.59,0
786551,M,None,TX,0,1,24,0,0,0,0,0,0,0,0,0,0,0,0,0,0,0,0,12,882.1,0,0,12,882.1,0
786078,M,None,TX,0,1,24,0,0,0,0,0,0,0,0,0,0,0,0,0,0,0,0,12,965,0,0,12,965,0
786069,M,None,TX,0,1,48,0,0,0,0,0,0,0,0,0,0,48,12338,0,0,0,0,42,4667.55,0,0,90,17005.55,1
786745,F,None,TX,0,1,24,0,0,0,0,0,0,0,0,0,0,0,0,0,0,0,0,12,2699,0,0,12,2699,0
786692,M,None,TX,0,1,48,0,0,0,0,0,0,0,0,0,0,48,7000,0,0,0,0,0,0,0,0,48,7000,1
786223,M,None,TX,1,1,49,0,0,0,0,0,0,0,0,0,0,36,307,0,0,0,0,12,1517.24,0,0,48,1824.24,1
786505,M,None,TX,0,1,24,0,0,0,0,0,0,0,0,0,0,12,1286,0,0,0,0,0,0,0,0,12,1286,0
786014,F,None,TX,0,1,18,0,0,0,0,0,0,0,0,0,0,0,0,0,0,0,0,12,1253,0,0,12,1253,0
786112,M,None,TX,1,1,40,0,0,0,0,40,11778.47,0,0,0,0,0,0,0,0,0,0,0,0,0,0,40,11778.47,0
786619,F,None,TX,0,1,42,0,0,0,0,0,0,0,0,0,0,0,0,0,0,0,0,42,5560.21,0,0,42,5560.21,1
786716,M,None,TX,0,1,24,0,0,0,0,0,0,0,0,0,0,24,2135,0,0,0,0,0,0,0,0,24,2135,0
786179,F,None,TX,1,1,48,0,0,0,0,0,0,0,0,0,0,48,4585,0,0,0,0,48,14949.65,0,0,96,19534.65,1
786612,M,None,TX,0,1,36,0,0,0,0,0,0,0,0,0,0,0,0,0,0,0,0,24,3312.41,0,0,24,3312.41,0
786222,F,None,TX,1,1,49,0,0,0,0,0,0,0,0,0,0,49,3895,0,0,0,0,30,2978.46,0,0,79,6873.46,1
786250,M,None,ID,0,1,36,0,0,0,0,24,2048,0,0,0,0,0,0,0,0,0,0,0,0,0,0,24,2048,0
786059,M,None,TX,1,1,41,0,0,0,0,0,0,0,0,0,0,35,971,0,0,0,0,0,0,0,0,35,971,1
786641,F,None,TX,1,1,48,0,0,0,0,0,0,0,0,0,0,48,6355.07,0,0,0,0,0,0,0,0,48,6355.07,1
786639,M,None,TX,0,1,24,0,0,0,0,0,0,0,0,0,0,12,169,0,0,0,0,6,521.91,0,0,18,690.91,0
786090,M,None,CA,0,1,24,0,0,0,0,0,0,0,0,0,0,12,621,0,0,0,0,0,0,0,0,12,621,0
786383,M,None,TX,1,1,39,0,0,0,0,0,0,0,0,0,0,36,4197,0,0,0,0,24,10158.63,0,0,60,14355.63,1
786620,M,None,TX,0,1,6,0,0,0,0,0,0,0,0,0,0,0,0,0,0,0,0,6,1000,0,0,6,1000,0
786573,M,None,TX,1,1,12,0,0,0,0,0,0,0,0,0,0,12,2059,0,0,0,0,0,0,0,0,12,2059,0
786164,M,None,TX,1,1,48,0,0,0,0,0,0,0,0,0,0,0,0,0,0,0,0,36,5937.75,0,0,36,5937.75,1
786024,M,None,TX,1,1,36,0,0,0,0,36,81,0,0,0,0,0,0,0,0,0,0,0,0,0,0,36,81,0
786460,M,None,TX,0,1,24,0,0,0,0,0,0,0,0,0,0,0,0,0,0,0,0,12,2922,0,0,12,2922,0
786642,F,None,TX,1,1,24,0,0,0,0,0,0,0,0,0,0,12,1363,0,0,0,0,0,0,0,0,12,1363,0
786618,M,None,TX,1,1,12,0,0,0,0,0,0,0,0,0,0,12,150,0,0,0,0,0,0,0,0,12,150,0
786748,M,None,TX,1,1,48,0,0,0,0,0,0,0,0,0,0,23,807.87,0,0,0,0,36,14278.35,0,0,59,15086.22,1
786775,M,None,TX,0,1,12,0,0,0,0,0,0,0,0,0,0,0,0,0,0,0,0,6,1528,0,0,6,1528,0
786786,M,None,TX,1,1,17,0,0,0,0,0,0,0,0,0,0,0,0,0,0,0,0,6,883,0,0,6,883,0
786163,F,None,TX,0,1,24,0,0,0,0,0,0,0,0,0,0,12,152,0,0,0,0,0,0,0,0,12,152,0
786149,M,None,TX,1,1,48,0,0,0,0,0,0,0,0,0,0,36,5064,0,0,0,0,0,0,0,0,36,5064,1
786776,F,None,TX,0,1,24,0,0,0,0,0,0,0,0,0,0,24,5406,0,0,0,0,0,0,0,0,24,5406,0
786568,M,None,TX,0,1,36,0,0,0,0,0,0,0,0,0,0,36,988.51,0,0,0,0,12,1495.72,0,0,48,2484.23,1
786298,M,None,TX,1,1,43,0,0,0,0,0,0,0,0,0,0,12,149,0,0,0,0,12,1656,0,0,24,1805,1
786567,F,None,TX,0,1,6,0,0,0,0,0,0,0,0,0,0,0,0,0,0,0,0,6,1102,0,0,6,1102,0
786174,M,None,TX,0,1,42,0,0,0,0,0,0,0,0,0,0,24,5240.03,0,0,0,0,12,2090,0,0,36,7330.03,1
786023,M,None,TX,0,1,6,0,0,0,0,0,0,0,0,0,0,0,0,0,0,0,0,6,475,0,0,6,475,0
786749,M,None,TX,0,1,42,0,0,0,0,0,0,0,0,0,0,36,7367,0,0,0,0,36,8571.81,0,0,72,15938.81,1
786531,F,None,TX,1,1,38,0,0,0,0,0,0,0,0,0,0,36,3406,0,0,0,0,0,0,0,0,36,3406,1
786293,F,None,TX,0,1,29,0,0,0,0,0,0,0,0,0,0,12,150,0,0,0,0,12,2845,0,0,24,2995,0
786553,M,None,TX,0,1,36,0,0,0,0,36,2271,0,0,0,0,0,0,0,0,0,0,0,0,0,0,36,2271,0
786379,F,None,TX,0,1,36,0,0,0,0,0,0,0,0,0,0,0,0,0,0,0,0,36,8944.24,0,0,36,8944.24,0
786733,M,None,TX,1,1,24,0,0,0,0,0,0,0,0,0,0,24,2071,0,0,0,0,0,0,0,0,24,2071,0
786708,M,None,TX,0,1,36,0,0,0,0,0,0,0,0,0,0,0,0,0,0,0,0,36,3723,0,0,36,3723,1
786394,F,None,TX,0,1,36,0,0,0,0,0,0,0,0,0,0,36,303,0,0,0,0,0,0,0,0,36,303,1
786645,F,None,TX,1,1,12,0,0,0,0,0,0,0,0,0,0,12,1156,0,0,0,0,0,0,0,0,12,1156,0
786211,F,None,TX,0,1,36,0,0,0,0,0,0,0,0,0,0,0,0,0,0,0,0,24,4278.1,0,0,24,4278.1,1
786602,M,None,TX,1,1,33,0,0,0,0,0,0,0,0,0,0,12,125,0,0,0,0,33,4312.7,0,0,45,4437.7,0
786600,F,None,TX,0,1,12,0,0,0,0,0,0,0,0,0,0,0,0,0,0,0,0,12,2833.68,0,0,12,2833.68,0
786699,M,None,TX,1,1,28,0,0,0,0,0,0,0,0,0,0,12,138,0,0,0,0,0,0,0,0,12,138,0
786492,M,None,TX,1,1,39,0,0,0,0,0,0,0,0,0,0,39,2419,0,0,0,0,0,0,0,0,39,2419,1
786304,M,None,TX,0,1,36,0,0,0,0,0,0,0,0,0,0,0,0,0,0,0,0,36,9206,0,0,36,9206,1
786316,M,None,TX,1,1,36,0,0,0,0,0,0,0,0,0,0,36,4292,0,0,0,0,0,0,0,0,36,4292,1
786432,M,None,TX,0,1,24,0,0,0,0,0,0,0,0,0,0,12,150,0,0,0,0,0,0,0,0,12,150,0
786233,M,None,TX,0,1,36,0,0,0,0,0,0,0,0,0,0,0,0,0,0,0,0,24,3589,0,0,24,3589,1
786452,M,None,TX,0,1,43,0,0,0,0,0,0,0,0,0,0,36,150,0,0,0,0,12,739.88,0,0,48,889.88,1
786606,M,None,TX,0,1,24,0,0,0,0,0,0,0,0,0,0,24,1157,0,0,0,0,0,0,0,0,24,1157,0
786675,F,None,TX,1,1,24,0,0,0,0,0,0,0,0,0,0,0,0,0,0,0,0,18,3869,0,0,18,3869,0
786286,M,None,TX,0,1,35,0,0,0,0,0,0,0,0,0,0,0,0,0,0,0,0,35,8284.22,0,0,35,8284.22,1
786723,M,None,TX,1,1,36,0,0,0,0,0,0,0,0,0,0,12,382.2,0,0,0,0,36,14620.78,0,0,48,15002.98,1
786362,M,None,TX,1,1,6,0,0,0,0,0,0,0,0,0,0,0,0,0,0,0,0,6,725,0,0,6,725,0
786413,F,None,TX,1,1,24,0,0,0,0,0,0,0,0,0,0,24,2215,0,0,0,0,6,1470.45,0,0,30,3685.45,0
786463,F,None,TX,1,1,12,0,0,0,0,0,0,0,0,0,0,12,1369.2,0,0,0,0,0,0,0,0,12,1369.2,0
786005,F,None,TX,0,1,40,0,0,0,0,0,0,0,0,0,0,0,0,0,0,0,0,40,4839.15,0,0,40,4839.15,1
786785,F,None,TX,1,1,13,0,0,0,0,0,0,0,0,0,0,12,1917,0,0,0,0,12,4295.85,0,0,24,6212.85,0
786718,F,None,TX,1,1,41,0,0,0,0,0,0,0,0,0,0,41,496.1,0,0,0,0,36,7924.73,0,0,77,8420.83,1
786381,F,None,TX,0,1,20,0,0,0,0,0,0,0,0,0,0,12,150,0,0,0,0,0,0,0,0,12,150,0
786589,M,None,TX,1,1,37,0,0,0,0,0,0,0,0,0,0,36,3759,0,0,0,0,0,0,0,0,36,3759,1
786611,F,None,TX,0,1,36,0,0,0,0,0,0,0,0,0,0,0,0,0,0,0,0,36,7029.2,0,0,36,7029.2,1
786378,F,None,TX,0,1,36,0,0,0,0,0,0,0,0,0,0,0,0,0,0,0,0,36,11065.02,0,0,36,11065.02,1
786079,M,None,TX,0,1,17,0,0,0,0,0,0,0,0,0,0,0,0,0,0,0,0,17,1963,0,0,17,1963,0
786376,M,Ami,TX,0,1,36,0,0,0,0,0,0,0,0,0,0,36,6326,0,0,0,0,0,0,0,0,36,6326,1
786427,M,None,TX,0,1,36,0,0,0,0,0,0,0,0,0,0,0,0,0,0,0,0,36,7709.29,0,0,36,7709.29,1
786106,F,None,TX,1,1,36,0,0,0,0,0,0,0,0,0,0,36,4450,0,0,0,0,36,6034.68,0,0,72,10484.68,1
786107,F,None,TX,0,1,36,0,0,0,0,0,0,0,0,0,0,0,0,0,0,0,0,36,10036.2,0,0,36,10036.2,1
786470,M,None,TX,1,1,36,0,0,0,0,0,0,0,0,0,0,36,5131,0,0,0,0,0,0,0,0,36,5131,1
786163,M,None,TX,0,1,36,0,0,0,0,0,0,0,0,0,0,0,0,0,0,0,0,36,4872,0,0,36,4872,1
786186,F,None,TX,0,1,12,0,0,0,0,0,0,0,0,0,0,0,0,0,0,0,0,6,1922,0,0,6,1922,0
786548,F,None,TX,0,1,30,0,0,0,0,0,0,0,0,0,0,12,594,0,0,0,0,18,2396.51,0,0,30,2990.51,0
786022,M,None,TX,0,1,12,0,0,0,0,0,0,0,0,0,0,0,0,0,0,0,0,12,1029.76,0,0,12,1029.76,0
786174,M,None,TX,0,1,25,0,0,0,0,0,0,0,0,0,0,12,404.38,0,0,0,0,0,0,0,0,12,404.38,0
786643,M,None,TX,0,1,31,0,0,0,0,0,0,0,0,0,0,12,1366,0,0,0,0,6,1358.96,0,0,18,2724.96,1
786083,M,None,TX,0,1,12,0,0,0,0,0,0,0,0,0,0,12,2043.3,0,0,0,0,0,0,0,0,12,2043.3,0
786458,M,None,TX,0,1,36,0,0,0,0,0,0,0,0,0,0,36,300,0,0,0,0,12,1532,0,0,48,1832,1
786664,M,None,TX,1,1,42,0,0,0,0,0,0,0,0,0,0,36,3442,0,0,0,0,42,4833,36,2490,114,10765,1
786186,F,None,TX,1,1,36,0,0,0,0,0,0,0,0,0,0,36,2690,0,0,0,0,0,0,0,0,36,2690,1
786716,F,None,TX,1,1,6,0,0,0,0,0,0,0,0,0,0,0,0,0,0,0,0,6,1349,0,0,6,1349,0
786549,F,None,TX,0,1,12,0,0,0,0,0,0,0,0,0,0,12,989,0,0,0,0,0,0,0,0,12,989,0
786611,M,None,TX,1,1,36,0,0,0,0,0,0,0,0,0,0,36,4512,0,0,0,0,0,0,0,0,36,4512,1
786416,M,None,TX,0,1,36,0,0,0,0,0,0,0,0,0,0,36,150,0,0,0,0,0,0,0,0,36,150,1
786702,F,None,TX,1,1,36,0,0,0,0,0,0,0,0,0,0,12,1982,0,0,0,0,36,6916.13,0,0,48,8898.13,1
786493,M,None,TX,1,1,6,0,0,0,0,0,0,0,0,0,0,0,0,0,0,0,0,6,2737,0,0,6,2737,0
786361,F,None,TX,1,1,36,0,0,0,0,0,0,0,0,0,0,36,5732,0,0,0,0,30,5317.37,0,0,66,11049.37,1
786113,M,None,CA,0,1,18,0,0,0,0,0,0,0,0,0,0,0,0,0,0,0,0,18,2004.77,0,0,18,2004.77,0
786299,F,None,TX,0,1,12,0,0,0,0,0,0,0,0,0,0,0,0,0,0,0,0,6,1343.82,0,0,6,1343.82,0
786171,M,None,TX,1,1,36,0,0,0,0,0,0,0,0,0,0,36,5423,0,0,0,0,0,0,0,0,36,5423,1
786239,M,None,TX,0,1,36,0,0,0,0,0,0,0,0,0,0,36,406.29,0,0,0,0,0,0,0,0,36,406.29,1
786345,F,None,TX,0,1,36,0,0,0,0,0,0,0,0,0,0,36,1906,0,0,0,0,12,3151.85,0,0,48,5057.85,1
786264,F,None,TX,0,1,26,0,0,0,0,0,0,0,0,0,0,12,142.35,0,0,0,0,12,1804.42,0,0,24,1946.77,0
786668,F,None,TX,1,1,12,0,0,0,0,0,0,0,0,0,0,12,250,0,0,0,0,0,0,0,0,12,250,0
786006,M,None,TX,0,1,36,0,0,0,0,0,0,0,0,0,0,36,949.27,0,0,0,0,36,13668.14,0,0,72,14617.41,1
786684,F,None,TX,0,1,12,0,0,0,0,0,0,0,0,0,0,0,0,0,0,0,0,12,1610,0,0,12,1610,0
786077,M,None,CA,0,1,12,0,0,0,0,0,0,0,0,0,0,0,0,0,0,0,0,12,1157.99,0,0,12,1157.99,0
786299,M,None,TX,1,1,36,0,0,0,0,0,0,0,0,0,0,36,2610,0,0,0,0,0,0,0,0,36,2610,1
786220,M,None,TX,0,1,24,0,0,0,0,0,0,0,0,0,0,0,0,0,0,0,0,18,4749.39,0,0,18,4749.39,0
786382,F,None,TX,1,1,36,0,0,0,0,0,0,0,0,0,0,36,4902,0,0,0,0,12,1732.13,0,0,48,6634.13,1
786250,M,None,TX,1,1,30,0,0,0,0,0,0,0,0,12,1447.32,24,3598,0,0,0,0,24,6913,0,0,60,11958.32,1
786748,F,None,TX,1,1,36,0,0,0,0,0,0,0,0,0,0,36,3370,0,0,0,0,0,0,0,0,36,3370,1
786575,M,None,TX,0,1,36,0,0,0,0,0,0,0,0,0,0,24,665.5,0,0,0,0,36,14985.81,0,0,60,15651.31,1
786224,F,None,TX,0,1,36,0,0,0,0,0,0,0,0,0,0,36,7208.8,0,0,0,0,24,6990.06,0,0,60,14198.86,1
786026,F,None,TX,0,1,24,0,0,0,0,0,0,0,0,0,0,0,0,0,0,0,0,12,2077.56,0,0,12,2077.56,0
786602,M,None,TX,0,1,36,0,0,0,0,0,0,0,0,0,0,36,8113.63,0,0,0,0,0,0,0,0,36,8113.63,1
786317,M,None,TX,0,1,30,0,0,0,0,0,0,0,0,0,0,0,0,0,0,0,0,24,5762.69,0,0,24,5762.69,1
786592,M,None,TX,0,1,30,0,0,0,0,0,0,0,0,0,0,0,0,0,0,0,0,30,3212.82,0,0,30,3212.82,1
786516,M,None,TX,0,1,12,0,0,0,0,0,0,0,0,0,0,0,0,0,0,0,0,6,1071.48,0,0,6,1071.48,0
786461,M,None,TX,0,1,27,0,0,0,0,0,0,0,0,0,0,0,0,0,0,0,0,12,825,0,0,12,825,0
786590,M,Ami,TX,0,1,36,0,0,0,0,0,0,0,0,0,0,36,440.52,0,0,0,0,36,7283.96,0,0,72,7724.48,1
786594,M,SC,TX,1,1,24,0,0,0,0,0,0,0,0,0,0,0,0,0,0,0,0,18,4874.11,0,0,18,4874.11,0
786156,M,None,TX,1,1,36,0,0,0,0,0,0,0,0,0,0,0,0,0,0,0,0,36,7714.95,0,0,36,7714.95,1
786728,M,None,TX,1,1,12,0,0,0,0,0,0,0,0,0,0,12,2234.16,0,0,0,0,0,0,0,0,12,2234.16,0
786398,M,SC,TX,0,1,12,0,0,0,0,0,0,0,0,0,0,0,0,0,0,0,0,12,2256.6,0,0,12,2256.6,0
786503,F,None,TX,0,1,36,0,0,0,0,0,0,0,0,0,0,0,0,0,0,0,0,36,5800.45,0,0,36,5800.45,1
786762,M,None,TX,1,1,36,0,0,0,0,0,0,0,0,0,0,36,4151.1,0,0,0,0,12,4116,0,0,48,8267.1,1
786763,F,None,TX,0,1,12,0,0,0,0,0,0,0,0,0,0,0,0,0,0,0,0,12,1544,0,0,12,1544,0
786412,M,None,TX,0,1,12,0,0,0,0,0,0,0,0,0,0,0,0,0,0,0,0,12,1589,0,0,12,1589,0
786169,F,None,TX,1,1,36,0,0,0,0,0,0,0,0,0,0,36,5267.37,0,0,0,0,36,8875.64,0,0,72,14143.01,1
786163,M,None,TX,0,1,36,0,0,0,0,0,0,0,0,0,0,36,9789.81,0,0,0,0,0,0,0,0,36,9789.81,1
786564,M,None,TX,0,1,24,0,0,0,0,0,0,0,0,0,0,0,0,0,0,0,0,12,4471.3,0,0,12,4471.3,0
786370,M,None,TX,0,1,36,0,0,0,0,0,0,0,0,0,0,36,222,0,0,0,0,0,0,0,0,36,222,1
786727,M,SC,TX,0,1,24,0,0,0,0,0,0,0,0,0,0,0,0,0,0,0,0,12,4762.44,0,0,12,4762.44,0
786620,M,None,TX,0,1,36,0,0,0,0,0,0,0,0,0,0,36,4204.69,0,0,0,0,0,0,0,0,36,4204.69,1
786641,F,None,TX,1,1,12,0,0,0,0,0,0,0,0,0,0,12,2660.14,0,0,0,0,0,0,0,0,12,2660.14,0
786422,M,None,TX,1,1,36,0,0,0,0,0,0,0,0,0,0,36,4150,0,0,0,0,0,0,0,0,36,4150,1
786612,M,None,TX,0,1,36,0,0,0,0,0,0,0,0,0,0,24,2418,0,0,0,0,0,0,0,0,24,2418,1
786096,F,None,TX,1,1,36,0,0,0,0,0,0,0,0,0,0,0,0,0,0,0,0,36,4421.36,0,0,36,4421.36,1
786456,F,None,TX,0,1,6,0,0,0,0,0,0,0,0,0,0,0,0,0,0,0,0,6,1098.24,0,0,6,1098.24,0
786404,M,None,TX,1,1,36,0,0,0,0,0,0,0,0,0,0,36,847.02,0,0,0,0,0,0,0,0,36,847.02,1
786198,F,None,TX,0,1,26,0,0,0,0,0,0,0,0,0,0,26,1713.56,0,0,0,0,26,4639.33,0,0,52,6352.89,1
786039,F,None,TX,0,1,24,0,0,0,0,0,0,0,0,0,0,24,1164,0,0,0,0,0,0,0,0,24,1164,0
786521,F,None,TX,0,1,24,0,0,0,0,0,0,0,0,0,0,0,0,0,0,0,0,12,1858.74,0,0,12,1858.74,0
786385,M,None,TX,0,1,36,0,0,0,0,0,0,0,0,0,0,0,0,0,0,0,0,36,7635.84,0,0,36,7635.84,1
786017,M,None,TX,1,1,36,0,0,0,0,0,0,0,0,0,0,0,0,0,0,0,0,36,1551.62,0,0,36,1551.62,1
786648,F,None,TX,1,1,30,0,0,0,0,0,0,0,0,0,0,30,936.12,0,0,0,0,25,3994.64,0,0,55,4930.76,1
786074,F,None,TX,1,1,29,0,0,0,0,0,0,0,0,0,0,29,1429.3,0,0,0,0,12,3658.89,0,0,41,5088.19,1
786348,M,None,TX,1,1,29,0,0,0,0,0,0,0,0,0,0,29,444.65,0,0,0,0,29,4184.85,0,0,58,4629.5,1
786736,M,None,TX,1,1,24,0,0,0,0,0,0,0,0,0,0,0,0,0,0,0,0,24,1749.73,0,0,24,1749.73,0
786321,M,None,TX,1,1,30,0,0,0,0,0,0,0,0,0,0,12,141,0,0,0,0,24,2926.6,0,0,36,3067.6,1
786380,F,None,TX,0,1,24,0,0,0,0,0,0,0,0,0,0,24,7001.06,0,0,0,0,0,0,0,0,24,7001.06,0
786496,M,None,TX,1,1,3,0,0,0,0,0,0,0,0,0,0,0,0,0,0,0,0,3,89.76,0,0,3,89.76,0
786588,M,None,TX,0,1,12,0,0,0,0,0,0,0,0,0,0,0,0,0,0,0,0,6,1259,0,0,6,1259,0
786675,F,None,TX,1,1,12,0,0,0,0,0,0,0,0,0,0,12,134,0,0,0,0,0,0,0,0,12,134,0
786765,M,None,TX,0,1,30,0,0,0,0,0,0,0,0,0,0,24,4023,0,0,0,0,24,4465.06,0,0,48,8488.06,1
786076,M,None,TX,0,1,24,0,0,0,0,0,0,0,0,0,0,24,268,0,0,0,0,24,1988.52,0,0,48,2256.52,1
786545,M,None,TX,1,1,24,0,0,0,0,0,0,0,0,0,0,24,2009.62,0,0,0,0,24,1299.05,0,0,48,3308.67,1
786256,F,None,TX,1,1,24,0,0,0,0,0,0,0,0,0,0,24,370.61,0,0,0,0,0,0,0,0,24,370.61,1
786631,M,None,TX,1,1,34,0,0,0,0,0,0,0,0,0,0,34,2395,0,0,0,0,6,965,0,0,40,3360,1
786780,M,None,TX,1,1,31,0,0,0,0,24,1475,0,0,0,0,12,1112,0,0,0,0,24,7226.92,24,1000,84,10813.92,1
786098,M,None,TX,0,1,12,0,0,0,0,0,0,0,0,0,0,0,0,0,0,0,0,6,531.93,0,0,6,531.93,0
786327,F,None,TX,1,1,21,0,0,0,0,0,0,0,0,0,0,0,0,0,0,0,0,10,1445,0,0,10,1445,0
786228,M,None,TX,0,1,24,0,0,0,0,0,0,0,0,0,0,0,0,0,0,0,0,24,3926,0,0,24,3926,1
786242,F,None,TX,0,1,24,0,0,0,0,0,0,0,0,0,0,12,382,0,0,0,0,0,0,0,0,12,382,1
786138,M,None,TX,0,1,24,0,0,0,0,0,0,0,0,0,0,12,411.68,0,0,0,0,12,2828.32,0,0,24,3240,1
786207,M,Sam,TX,0,1,24,0,0,0,0,0,0,0,0,0,0,0,0,0,0,0,0,24,16841.74,0,0,24,16841.74,1
786436,F,None,TX,0,1,23,0,0,0,0,0,0,0,0,0,0,0,0,0,0,0,0,12,1369.92,0,0,12,1369.92,1
786099,F,None,TX,0,1,24,0,0,0,0,24,2978,0,0,0,0,0,0,0,0,0,0,0,0,0,0,24,2978,1
786043,F,Ami,TX,1,1,24,0,0,0,0,0,0,0,0,0,0,24,4381,0,0,0,0,24,8559.26,0,0,48,12940.26,1
786536,M,None,TX,0,1,6,0,0,0,0,0,0,0,0,0,0,0,0,0,0,0,0,6,550.31,0,0,6,550.31,0
786738,M,None,TX,1,1,24,0,0,0,0,24,4312,0,0,0,0,0,0,0,0,0,0,0,0,0,0,24,4312,1
786378,M,None,TX,0,1,24,0,0,0,0,0,0,0,0,0,0,0,0,0,0,0,0,24,7279.92,0,0,24,7279.92,1
786697,M,None,TX,0,1,24,0,0,0,0,0,0,0,0,0,0,24,1885,0,0,0,0,0,0,0,0,24,1885,1
786541,F,None,TX,0,1,24,0,0,0,0,0,0,0,0,0,0,0,0,0,0,0,0,12,3949.44,0,0,12,3949.44,1
786165,M,None,TX,0,1,24,0,0,0,0,0,0,0,0,0,0,24,2551,0,0,0,0,24,7559,0,0,48,10110,1
786247,M,None,TX,0,1,12,0,0,0,0,0,0,0,0,0,0,0,0,0,0,0,0,12,337.9,0,0,12,337.9,0
786444,M,Al,TX,0,1,24,0,0,0,0,0,0,0,0,0,0,24,2893,0,0,0,0,0,0,0,0,24,2893,1
786267,M,None,TX,0,1,24,0,0,0,0,0,0,0,0,0,0,0,0,0,0,0,0,12,2849,0,0,12,2849,1
786750,M,None,TX,0,1,24,0,0,0,0,0,0,0,0,0,0,0,0,0,0,0,0,24,6979.76,0,0,24,6979.76,1
786187,M,None,TX,0,1,24,0,0,0,0,0,0,0,0,0,0,24,3731,0,0,0,0,0,0,0,0,24,3731,1
786112,M,None,TX,0,1,24,0,0,0,0,0,0,0,0,0,0,12,304.68,0,0,0,0,12,670.52,0,0,24,975.2,1
786047,M,Al,TX,1,1,24,0,0,0,0,0,0,0,0,0,0,12,168.8,0,0,0,0,0,0,0,0,12,168.8,1
786541,M,None,TX,1,1,24,0,0,0,0,0,0,0,0,0,0,24,3031,0,0,0,0,24,4299,0,0,48,7330,1
786186,M,None,TX,0,1,24,0,0,0,0,24,1580,0,0,0,0,0,0,0,0,0,0,0,0,0,0,24,1580,1
786184,M,None,TX,0,1,23,0,0,0,0,0,0,0,0,0,0,12,2094,0,0,0,0,0,0,0,0,12,2094,1
786229,F,None,TX,0,1,24,0,0,0,0,0,0,0,0,0,0,0,0,0,0,0,0,24,2370.95,0,0,24,2370.95,1
786447,M,None,TX,0,1,12,0,0,0,0,0,0,0,0,0,0,0,0,0,0,0,0,12,860.56,0,0,12,860.56,0
786706,M,None,TX,1,1,12,0,0,0,0,0,0,0,0,0,0,12,216,0,0,0,0,0,0,0,0,12,216,0
786657,M,None,TX,0,1,24,0,0,0,0,0,0,0,0,0,0,24,2239,0,0,0,0,0,0,0,0,24,2239,1
786209,M,None,TX,1,1,24,0,0,0,0,0,0,0,0,0,0,12,1223,0,0,0,0,0,0,0,0,12,1223,1
786274,M,None,TX,0,1,12,0,0,12,2153,0,0,0,0,0,0,0,0,0,0,0,0,0,0,0,0,12,2153,0
786405,M,None,TX,0,1,24,0,0,0,0,0,0,0,0,0,0,0,0,0,0,0,0,24,4524.99,0,0,24,4524.99,1
786175,M,None,TX,0,1,12,0,0,0,0,0,0,0,0,0,0,0,0,0,0,0,0,6,548,0,0,6,548,0
786393,M,None,TX,1,1,24,0,0,0,0,0,0,0,0,0,0,24,4205,0,0,0,0,0,0,0,0,24,4205,1
786313,F,None,TX,0,1,24,0,0,0,0,0,0,0,0,0,0,24,532.04,0,0,0,0,24,7005.01,0,0,48,7537.05,1
786364,M,Al,TX,0,1,18,0,0,0,0,0,0,0,0,0,0,0,0,0,0,0,0,6,1272.67,0,0,6,1272.67,0
786382,M,None,TX,0,1,12,0,0,0,0,0,0,0,0,0,0,0,0,0,0,0,0,12,1340.45,0,0,12,1340.45,0
786649,F,None,TX,1,1,24,0,0,0,0,0,0,0,0,0,0,24,1787,0,0,0,0,24,4680.28,0,0,48,6467.28,1
786752,F,None,TX,1,1,24,0,0,0,0,24,2619,0,0,0,0,0,0,0,0,0,0,0,0,0,0,24,2619,1
786374,M,None,TX,0,1,24,0,0,0,0,0,0,0,0,0,0,0,0,0,0,0,0,24,6194.22,0,0,24,6194.22,1
786546,M,None,TX,0,1,24,0,0,0,0,0,0,0,0,0,0,24,370,0,0,0,0,0,0,0,0,24,370,1
786092,F,None,TX,1,1,24,0,0,0,0,0,0,0,0,0,0,24,2781,0,0,0,0,0,0,0,0,24,2781,1
786742,F,Al,TX,1,1,12,0,0,0,0,0,0,0,0,0,0,0,0,0,0,0,0,12,1026,0,0,12,1026,0
786710,M,None,TX,1,1,24,0,0,0,0,0,0,0,0,0,0,0,0,0,0,0,0,24,3280.34,0,0,24,3280.34,1
786019,F,None,TX,0,1,24,0,0,0,0,0,0,0,0,0,0,0,0,0,0,0,0,24,3043,0,0,24,3043,1
786719,M,None,TX,1,1,26,0,0,0,0,0,0,0,0,0,0,12,189.42,0,0,0,0,0,0,0,0,12,189.42,1
786609,M,None,TX,0,1,22,0,0,0,0,0,0,0,0,0,0,12,124,0,0,0,0,18,1531.05,0,0,30,1655.05,1
786108,F,None,TX,0,1,6,0,0,0,0,0,0,0,0,0,0,0,0,0,0,0,0,6,1904.35,0,0,6,1904.35,0
786221,M,None,TX,0,1,24,0,0,0,0,0,0,0,0,0,0,24,2497,0,0,0,0,24,3131.4,0,0,48,5628.4,1
786152,M,None,TX,1,1,24,0,0,0,0,24,3053,0,0,0,0,0,0,0,0,0,0,0,0,0,0,24,3053,1
786340,M,None,TX,1,1,24,0,0,0,0,0,0,0,0,0,0,24,8878.28,0,0,0,0,24,13805,24,1920,72,24603.28,1
786196,F,None,TX,0,1,18,0,0,0,0,0,0,0,0,0,0,0,0,0,0,0,0,12,1636.07,0,0,12,1636.07,1
786609,M,None,TX,1,1,24,0,0,0,0,0,0,0,0,0,0,0,0,0,0,0,0,24,2965.44,0,0,24,2965.44,1
786631,M,None,TX,0,1,24,0,0,0,0,0,0,0,0,0,0,12,170,0,0,0,0,0,0,0,0,12,170,1
786207,F,None,TX,1,1,12,0,0,0,0,0,0,0,0,0,0,12,1612,0,0,0,0,0,0,0,0,12,1612,1
786653,M,None,TX,0,1,12,0,0,0,0,0,0,0,0,0,0,0,0,12,138.69,0,0,0,0,0,0,12,138.69,0
786247,M,None,TX,0,1,11,0,0,0,0,0,0,0,0,0,0,0,0,0,0,0,0,5,1331,0,0,5,1331,0
786464,M,None,TX,1,1,24,0,0,0,0,0,0,0,0,0,0,12,1430,0,0,0,0,24,4118,0,0,36,5548,1
786343,M,Sam,TX,1,1,24,0,0,0,0,19,4444.41,0,0,0,0,12,2572,0,0,0,0,24,11364.82,0,0,55,18381.23,1
786225,M,None,TX,1,1,12,0,0,0,0,0,0,0,0,0,0,12,1686,0,0,0,0,0,0,0,0,12,1686,1
786279,M,None,TX,0,1,24,0,0,0,0,0,0,0,0,0,0,0,0,0,0,0,0,24,2578,0,0,24,2578,1
786552,M,None,TX,1,1,12,0,0,0,0,0,0,0,0,0,0,12,198.44,0,0,0,0,12,3274,0,0,24,3472.44,1
786617,M,None,TX,1,1,12,0,0,0,0,0,0,0,0,0,0,12,1476,0,0,0,0,12,4217.66,0,0,24,5693.66,0
786117,F,None,TX,0,1,12,0,0,0,0,0,0,0,0,0,0,0,0,0,0,0,0,12,1846.38,0,0,12,1846.38,0
786604,M,None,TX,0,1,12,0,0,0,0,0,0,0,0,0,0,0,0,0,0,0,0,12,1774.64,0,0,12,1774.64,0
786146,F,None,TX,1,1,12,0,0,0,0,0,0,0,0,0,0,12,2026,0,0,0,0,0,0,0,0,12,2026,0
786141,M,None,TX,1,1,12,0,0,0,0,0,0,0,0,0,0,12,1934.81,0,0,0,0,12,4906.16,0,0,24,6840.97,0
786749,M,None,TX,1,1,24,0,0,0,0,0,0,0,0,0,0,12,173.38,0,0,0,0,24,3163,0,0,36,3336.38,1
786647,M,None,TX,0,1,24,0,0,0,0,24,2603.49,0,0,0,0,0,0,0,0,0,0,0,0,0,0,24,2603.49,1
786113,M,None,TX,0,1,24,0,0,0,0,0,0,0,0,0,0,24,3482.92,0,0,0,0,0,0,0,0,24,3482.92,1
786164,M,None,TX,1,1,12,0,0,0,0,0,0,0,0,0,0,0,0,0,0,0,0,12,615,0,0,12,615,0
786520,M,None,TX,0,1,12,0,0,0,0,0,0,0,0,0,0,0,0,0,0,0,0,12,3434.49,0,0,12,3434.49,1
786388,M,None,TX,1,1,19,0,0,0,0,0,0,0,0,0,0,0,134.87,0,0,0,0,12,581,0,0,12,715.87,1
786266,M,None,TX,1,1,12,0,0,0,0,0,0,0,0,0,0,12,998,0,0,0,0,0,0,0,0,12,998,0
786622,M,None,TX,1,1,12,0,0,0,0,0,0,0,0,0,0,0,0,0,0,0,0,12,1958,0,0,12,1958,1
786034,M,None,TX,1,1,12,0,0,0,0,12,1480,0,0,0,0,0,0,0,0,0,0,0,0,0,0,12,1480,1
786384,M,None,TX,0,1,12,0,0,0,0,0,0,0,0,0,0,12,125,0,0,0,0,0,0,0,0,12,125,1
786589,M,None,TX,1,1,12,0,0,0,0,0,0,0,0,0,0,12,2082,0,0,0,0,0,0,0,0,12,2082,1
786212,M,None,TX,1,1,12,0,0,0,0,0,0,0,0,0,0,12,5495,0,0,0,0,0,0,0,0,12,5495,1
786597,F,None,TX,1,1,12,0,0,0,0,0,0,0,0,0,0,12,156,0,0,0,0,0,0,0,0,12,156,1
786514,M,Al,TX,0,1,24,0,0,0,0,0,0,0,0,0,0,24,2350.8,0,0,0,0,0,0,0,0,24,2350.8,1
786199,F,None,TX,0,1,12,0,0,0,0,0,0,0,0,0,0,12,910.43,0,0,0,0,0,0,0,0,12,910.43,0
786640,M,None,TX,1,1,12,0,0,0,0,0,0,0,0,0,0,12,666,0,0,0,0,0,0,0,0,12,666,1
786728,M,None,TX,0,1,12,0,0,0,0,0,0,0,0,0,0,0,0,0,0,0,0,12,3119.47,0,0,12,3119.47,1
786585,F,None,TX,1,1,12,0,0,0,0,0,0,0,0,0,0,12,975,0,0,0,0,0,0,0,0,12,975,1
786549,M,SC,TX,0,1,12,0,0,0,0,0,0,0,0,0,0,0,0,0,0,0,0,6,2607.48,0,0,6,2607.48,1
786618,M,SC,TX,1,1,12,0,0,0,0,0,0,0,0,0,0,0,0,0,0,0,0,12,4251,0,0,12,4251,1
786088,F,None,TX,1,1,12,0,0,0,0,0,0,0,0,0,0,12,1140,0,0,0,0,0,0,0,0,12,1140,1
786069,M,None,VA,0,1,12,0,0,0,0,0,0,0,0,0,0,0,0,0,0,0,0,12,394.35,0,0,12,394.35,1
786405,M,SC,TX,1,1,12,0,0,0,0,0,0,0,0,0,0,0,0,0,0,0,0,12,2549.85,0,0,12,2549.85,1
786531,M,None,TX,0,1,12,0,0,0,0,0,0,0,0,0,0,12,124,0,0,0,0,12,1788,0,0,24,1912,1
786392,F,None,TX,1,1,12,0,0,0,0,0,0,0,0,0,0,12,1386,0,0,0,0,0,0,0,0,12,1386,1
786021,M,None,TX,0,1,12,0,0,0,0,0,0,0,0,0,0,0,0,0,0,0,0,12,3854,0,0,12,3854,1
786688,M,None,TX,1,1,15,0,0,0,0,15,2437,0,0,0,0,0,0,0,0,0,0,0,0,0,0,15,2437,1
786637,M,None,TX,1,1,12,0,0,0,0,0,0,0,0,0,0,12,1304,0,0,0,0,0,0,0,0,12,1304,1
786066,M,None,TX,1,1,12,0,0,0,0,0,0,0,0,0,0,12,1578,0,0,0,0,0,0,0,0,12,1578,1
786306,M,SC,TX,0,1,12,0,0,0,0,0,0,0,0,0,0,0,0,0,0,0,0,12,1380.56,0,0,12,1380.56,1
786128,M,None,TX,1,1,12,0,0,0,0,0,0,0,0,0,0,0,0,0,0,0,0,12,3383,0,0,12,3383,1
786708,M,None,TX,0,1,12,0,0,0,0,0,0,0,0,0,0,0,0,0,0,0,0,12,8254.66,0,0,12,8254.66,1
786168,M,None,TX,0,1,12,0,0,0,0,0,0,0,0,0,0,0,0,0,0,0,0,12,2302.83,0,0,12,2302.83,0
786160,M,None,TX,1,1,6,0,0,0,0,0,0,0,0,0,0,0,0,0,0,0,0,6,2156,0,0,6,2156,0
786473,F,None,TX,1,1,12,0,0,0,0,0,0,0,0,0,0,12,780,0,0,0,0,0,0,0,0,12,780,1
786517,F,None,TX,1,1,12,0,0,0,0,0,0,0,0,0,0,12,1827,0,0,0,0,0,0,0,0,12,1827,1
786443,M,None,TX,1,1,19,0,0,0,0,12,1268,0,0,0,0,0,0,0,0,0,0,0,0,0,0,12,1268,1
786640,F,None,TX,1,1,12,0,0,0,0,0,0,0,0,0,0,12,237.24,0,0,0,0,0,0,0,0,12,237.24,1
786272,M,None,TX,0,1,12,0,0,0,0,0,0,0,0,0,0,12,141,0,0,0,0,0,0,0,0,12,141,1
786069,M,None,TX,1,1,12,0,0,0,0,0,0,0,0,0,0,12,3021,0,0,0,0,0,0,12,342,24,3363,1
786639,M,None,TX,1,1,12,0,0,0,0,0,0,0,0,0,0,0,0,0,0,0,0,12,6996,0,0,12,6996,1
786572,M,None,TX,0,1,12,0,0,0,0,0,0,0,0,0,0,0,0,0,0,0,0,12,2340.35,0,0,12,2340.35,1
786696,M,None,TX,0,1,12,0,0,0,0,0,0,0,0,0,0,0,0,0,0,0,0,12,1266,0,0,12,1266,1
786096,M,None,TX,1,1,12,0,0,0,0,0,0,0,0,0,0,0,0,0,0,0,0,12,721,0,0,12,721,1
786245,M,None,TX,1,1,12,0,0,0,0,0,0,0,0,0,0,12,436,0,0,0,0,0,0,0,0,12,436,1
786628,F,None,TX,0,1,12,0,0,0,0,0,0,0,0,0,0,0,0,0,0,0,0,6,1821,0,0,6,1821,1
786005,F,None,TX,1,1,12,0,0,0,0,0,0,0,0,0,0,0,0,0,0,0,0,12,1472.71,0,0,12,1472.71,1
786567,M,None,TX,0,1,12,0,0,0,0,0,0,0,0,0,0,12,1398,0,0,0,0,0,0,0,0,12,1398,1
786767,M,None,TX,0,1,12,0,0,0,0,0,0,0,0,0,0,12,1659,0,0,0,0,0,0,0,0,12,1659,1
786483,M,None,TX,0,1,12,0,0,0,0,0,0,0,0,0,0,12,1889,0,0,0,0,0,0,0,0,12,1889,1
786416,F,None,TX,0,1,12,0,0,0,0,0,0,0,0,0,0,12,923,0,0,0,0,0,0,0,0,12,923,1
786503,M,None,TX,0,1,12,0,0,0,0,0,0,0,0,0,0,12,1277,0,0,0,0,0,0,0,0,12,1277,1
786109,F,None,TX,0,1,12,0,0,0,0,12,911,0,0,0,0,0,0,0,0,0,0,0,0,0,0,12,911,1
786348,F,None,TX,1,1,12,0,0,0,0,0,0,0,0,0,0,12,126,0,0,0,0,0,0,0,0,12,126,1
786609,F,None,TX,1,1,12,0,0,0,0,0,0,0,0,0,0,12,696,0,0,0,0,5,228,0,0,17,924,1
786527,F,None,TX,1,1,6,0,0,0,0,0,0,0,0,0,0,0,0,0,0,0,0,6,1170,0,0,6,1170,0
786534,F,None,TX,1,1,12,0,0,0,0,0,0,0,0,0,0,12,1853,0,0,0,0,0,0,0,0,12,1853,1
786364,F,None,TX,1,1,12,0,0,0,0,0,0,0,0,0,0,12,2565.63,0,0,0,0,0,0,0,0,12,2565.63,1
786369,F,None,TX,1,1,12,0,0,0,0,0,0,0,0,0,0,12,2986.52,0,0,0,0,6,2234.17,0,0,18,5220.69,1
786043,M,None,TX,1,1,12,0,0,6,400,0,0,0,0,0,0,12,1911,0,0,0,0,0,0,0,0,18,2311,1
786577,M,SC,TX,0,1,6,0,0,0,0,0,0,0,0,0,0,0,0,0,0,0,0,6,1890,0,0,6,1890,1
786719,F,None,TX,1,1,12,0,0,0,0,0,0,0,0,0,0,12,1177,0,0,0,0,0,0,0,0,12,1177,1
786300,F,None,TX,1,1,12,0,0,0,0,0,0,0,0,0,0,12,1290,0,0,0,0,0,0,0,0,12,1290,1
786011,F,None,TX,1,1,6,0,0,0,0,0,0,0,0,0,0,0,0,0,0,0,0,6,1911,0,0,6,1911,1
786009,F,None,TX,1,1,12,0,0,0,0,0,0,0,0,0,0,12,171.01,0,0,0,0,6,1526,0,0,18,1697.01,1
786706,M,SC,TX,1,1,12,0,0,0,0,0,0,0,0,0,0,0,0,0,0,0,0,12,2384,0,0,12,2384,1
786216,F,None,TX,0,1,12,0,0,0,0,0,0,0,0,0,0,0,0,0,0,0,0,12,1394.36,0,0,12,1394.36,1
786560,F,None,TX,0,1,12,0,0,0,0,0,0,0,0,0,0,0,0,0,0,0,0,12,1287,0,0,12,1287,1
786527,F,None,TX,1,1,12,0,0,0,0,0,0,0,0,0,0,12,1892.01,0,0,0,0,0,0,0,0,12,1892.01,1
786776,M,None,TX,1,1,14,0,0,0,0,0,0,0,0,0,0,12,185.03,0,0,0,0,6,956.35,0,0,18,1141.38,1
786124,M,None,TX,1,1,12,0,0,0,0,0,0,0,0,0,0,12,1257,0,0,0,0,0,0,0,0,12,1257,1
786318,M,None,TX,1,1,12,0,0,0,0,0,0,0,0,0,0,12,1866,0,0,0,0,12,469.9,0,0,24,2335.9,1
786579,M,None,TX,1,1,12,0,0,0,0,0,0,0,0,0,0,12,1037,0,0,0,0,0,0,0,0,12,1037,1
786293,M,None,TX,0,1,12,0,0,0,0,0,0,0,0,0,0,0,0,0,0,0,0,12,2042.64,0,0,12,2042.64,1
786552,M,None,TX,1,1,12,0,0,0,0,0,0,0,0,0,0,12,1129,0,0,0,0,0,0,0,0,12,1129,1
786114,M,None,TX,1,1,6,0,0,0,0,0,0,0,0,0,0,0,0,0,0,0,0,6,1273,0,0,6,1273,1
786055,M,None,TX,0,1,6,0,0,0,0,0,0,0,0,0,0,0,0,0,0,0,0,6,730,0,0,6,730,1
786445,M,None,TX,1,1,12,0,0,0,0,0,0,0,0,0,0,12,124,0,0,0,0,0,0,0,0,12,124,1
786223,M,None,TX,1,1,12,0,0,0,0,0,0,0,0,0,0,0,0,0,0,0,0,12,3322,0,0,12,3322,1
786413,F,None,TX,1,1,12,0,0,0,0,0,0,0,0,0,0,12,1764,0,0,0,0,12,3322,0,0,24,5086,1
786505,F,None,TX,1,1,12,0,0,0,0,0,0,0,0,0,0,0,0,0,0,0,0,12,2538,0,0,12,2538,1
786481,M,None,TX,0,1,12,0,0,0,0,0,0,0,0,0,0,0,0,0,0,0,0,12,868,0,0,12,868,1
786272,M,None,TX,1,1,12,0,0,0,0,0,0,0,0,0,0,12,1295,0,0,0,0,0,0,0,0,12,1295,1
786636,F,None,TX,1,1,12,0,0,0,0,0,0,0,0,0,0,12,1011,0,0,0,0,0,0,0,0,12,1011,1
786739,M,None,TX,0,1,12,0,0,0,0,0,0,0,0,0,0,12,1772,0,0,0,0,0,0,0,0,12,1772,1
786673,F,None,TX,1,1,12,0,0,0,0,0,0,0,0,0,0,12,1558,0,0,0,0,0,0,0,0,12,1558,1
786711,M,None,TX,1,1,12,0,0,0,0,0,0,0,0,0,0,12,1495,0,0,0,0,0,0,0,0,12,1495,1
786353,F,None,TX,0,1,6,0,0,0,0,0,0,0,0,0,0,0,0,0,0,0,0,6,1248.22,0,0,6,1248.22,1
786455,F,None,TX,1,1,12,0,0,0,0,0,0,0,0,0,0,12,126,0,0,0,0,0,0,0,0,12,126,1
786261,F,None,TX,1,1,12,0,0,0,0,0,0,0,0,0,0,12,1385,0,0,0,0,0,0,0,0,12,1385,1
786660,M,None,TX,1,1,6,0,0,0,0,0,0,0,0,0,0,0,0,0,0,0,0,6,428.59,0,0,6,428.59,1
786554,M,None,TX,1,1,12,0,0,0,0,0,0,0,0,0,0,12,186.98,0,0,0,0,12,2722.52,0,0,24,2909.5,1
786432,M,None,TX,1,1,12,0,0,0,0,0,0,0,0,0,0,12,143.04,0,0,0,0,0,0,0,0,12,143.04,1
786542,M,None,TX,1,1,12,0,0,0,0,0,0,0,0,0,0,12,1273,0,0,0,0,0,0,0,0,12,1273,1
786648,F,None,TX,1,1,12,0,0,0,0,0,0,0,0,0,0,12,1162,0,0,0,0,0,0,0,0,12,1162,1
786035,F,None,TX,1,1,12,0,0,0,0,0,0,0,0,0,0,12,1302.99,0,0,0,0,0,0,0,0,12,1302.99,1
786476,M,None,TX,0,1,12,0,0,0,0,0,0,0,0,0,0,0,0,0,0,0,0,12,2726.37,0,0,12,2726.37,1
786593,F,None,TX,0,1,6,0,0,0,0,0,0,0,0,0,0,0,0,0,0,0,0,6,997,0,0,6,997,1
786345,M,None,TX,1,1,12,0,0,0,0,0,0,0,0,0,0,12,178.66,0,0,0,0,12,1146.6,0,0,24,1325.26,1
786178,M,None,TX,1,1,12,0,0,0,0,0,0,0,0,0,0,12,865,0,0,0,0,0,0,0,0,12,865,1
786326,F,None,TX,1,1,12,0,0,0,0,0,0,0,0,0,0,0,0,0,0,0,0,12,2002,0,0,12,2002,1
786090,F,None,TX,1,1,12,0,0,0,0,0,0,0,0,0,0,12,176,0,0,0,0,0,0,0,0,12,176,1
786296,M,None,TX,1,1,12,0,0,0,0,0,0,0,0,0,0,0,0,0,0,0,0,12,4217,0,0,12,4217,1
786491,M,None,TX,1,1,12,0,0,0,0,0,0,0,0,0,0,0,0,0,0,0,0,12,1715,0,0,12,1715,1
786250,F,None,TX,1,1,6,0,0,0,0,0,0,0,0,0,0,0,0,0,0,0,0,6,1393,0,0,6,1393,1
786622,F,None,TX,1,1,12,0,0,0,0,0,0,0,0,0,0,12,1453,0,0,0,0,0,0,0,0,12,1453,1
786533,F,None,TX,1,1,12,0,0,0,0,0,0,0,0,0,0,12,1752,0,0,0,0,0,0,0,0,12,1752,1
786776,M,None,TX,1,1,12,0,0,0,0,0,0,0,0,0,0,12,183.4,0,0,0,0,0,0,0,0,12,183.4,1
786719,F,None,TX,0,1,12,0,0,0,0,0,0,0,0,0,0,0,0,0,0,0,0,12,1926.13,0,0,12,1926.13,1
786579,M,None,TX,1,1,12,0,0,0,0,0,0,0,0,0,0,12,690,0,0,0,0,0,0,0,0,12,690,1
786089,F,None,TX,1,1,12,0,0,0,0,0,0,0,0,0,0,12,1608,0,0,0,0,0,0,0,0,12,1608,1
786701,M,None,TX,1,1,12,0,0,0,0,0,0,0,0,0,0,12,895.32,0,0,0,0,0,0,0,0,12,895.32,1
786785,M,None,TX,0,1,6,0,0,0,0,0,0,0,0,0,0,0,0,0,0,0,0,6,2162,0,0,6,2162,1
786104,M,None,TX,1,1,6,0,0,0,0,0,0,0,0,0,0,0,0,0,0,0,0,6,676.64,0,0,6,676.64,1
786740,F,None,TX,1,1,12,0,0,0,0,0,0,0,0,0,0,12,121,0,0,0,0,0,0,0,0,12,121,1
786348,M,None,TX,1,1,12,0,0,0,0,0,0,0,0,0,0,12,1203,0,0,0,0,0,0,0,0,12,1203,1
786432,M,None,TX,1,1,12,0,0,0,0,0,0,0,0,0,0,0,0,0,0,0,0,12,2170,0,0,12,2170,1
786109,F,None,TX,1,1,12,0,0,0,0,0,0,0,0,0,0,12,1696.66,0,0,0,0,0,0,0,0,12,1696.66,1
786118,M,None,TX,1,1,6,0,0,0,0,0,0,0,0,0,0,0,0,0,0,0,0,6,243.54,0,0,6,243.54,1
786766,F,None,TX,1,1,12,0,0,0,0,0,0,0,0,0,0,12,1296,0,0,0,0,0,0,0,0,12,1296,1